v -0.083845 -0.071715 -0.077516
v -0.094919 -0.053257 -0.080153
v -0.085427 -0.059585 -0.084899
v -0.087009 -0.046928 -0.091228
v -0.079098 -0.071188 -0.083317
v -0.074352 -0.052993 -0.098611
v -0.068551 -0.074352 -0.089118
v -0.058794 -0.055630 -0.108104
v -0.055103 -0.075934 -0.097029
v -0.066705 -0.083845 -0.082790
v -0.076461 -0.078571 -0.079098
v -0.085427 -0.080153 -0.067496
v -0.072770 -0.088591 -0.071188
v -0.055103 -0.093337 -0.081208
v -0.037699 -0.078043 -0.104412
v -0.028734 -0.095974 -0.091228
v -0.017923 -0.079626 -0.108104
v -0.000272 -0.107049 -0.081735
v 0.000272 -0.094392 -0.097556
v 0.027679 -0.096502 -0.090700
v 0.017923 -0.109686 -0.076989
v 0.000025 -0.114960 -0.070660
v 0.013769 -0.118651 -0.064068
v 0.027020 -0.113905 -0.068023
v -0.000173 -0.122343 -0.056948
v 0.014429 -0.124452 -0.050092
v 0.029525 -0.119706 -0.056157
v -0.000536 -0.130781 -0.035853
v 0.015945 -0.130254 -0.034535
v 0.014692 -0.133418 -0.016670
v -0.000437 -0.134473 -0.016802
v -0.016340 -0.133418 -0.017395
v -0.015418 -0.134473 -0.000964
v -0.000981 -0.135000 0.000404
v 0.014297 -0.135000 0.000157
v -0.029657 -0.131836 -0.000717
v -0.033744 -0.130254 -0.016670
v -0.019637 -0.129726 -0.032953
v -0.014231 -0.124452 -0.049829
v -0.013638 -0.118651 -0.063804
v -0.017791 -0.109686 -0.076989
v -0.037435 -0.105467 -0.074879
v -0.026756 -0.113378 -0.068023
v -0.029525 -0.119706 -0.056421
v -0.030711 -0.124980 -0.041918
v -0.042973 -0.124980 -0.028997
v -0.052729 -0.123925 -0.014099
v -0.057739 -0.119179 -0.029129
v -0.065914 -0.117597 -0.014297
v -0.069078 -0.112850 -0.029393
v -0.060113 -0.112850 -0.045082
v -0.073824 -0.104940 -0.042973
v -0.075934 -0.110213 -0.018977
v -0.090173 -0.096502 -0.029525
v -0.081735 -0.092283 -0.055630
v -0.104412 -0.078043 -0.036381
v -0.096502 -0.076989 -0.055103
v -0.116014 -0.056948 -0.041127
v -0.110213 -0.055894 -0.056157
v -0.120761 -0.038490 -0.045082
v -0.126035 -0.040336 -0.029393
v -0.114960 -0.037435 -0.060640
v -0.120761 -0.028075 -0.052729
v -0.126035 -0.029261 -0.037172
v -0.126562 -0.018318 -0.043237
v -0.121816 -0.016868 -0.056157
v -0.124980 -0.008133 -0.049301
v -0.129726 -0.008891 -0.035062
v -0.119179 -0.007309 -0.062486
v -0.116014 -0.017395 -0.065914
v -0.111795 -0.008232 -0.074879
v -0.105467 -0.021087 -0.080680
v -0.113378 -0.026888 -0.067496
v -0.107049 -0.035326 -0.074879
v -0.098084 -0.032030 -0.087009
v -0.100721 -0.054575 -0.071188
v -0.090700 -0.073297 -0.068023
v -0.065914 -0.103357 -0.057476
v -0.052466 -0.109159 -0.060113
v -0.040863 -0.112323 -0.063277
v -0.045873 -0.119179 -0.044291
v -0.062749 -0.027811 0.116542
v -0.078043 -0.033612 0.104940
v -0.066705 -0.037172 0.111795
v -0.071188 -0.020955 0.112323
v -0.088591 -0.029393 0.097029
v -0.080680 -0.020032 0.105467
v -0.092283 -0.018318 0.095974
v -0.103357 -0.023328 0.083845
v -0.080680 -0.009550 0.108104
v -0.065650 -0.010012 0.117597
v -0.056948 -0.019109 0.121288
v -0.047983 -0.029129 0.122870
v -0.053257 -0.037963 0.118651
v -0.037699 -0.039281 0.122870
v -0.043764 -0.056421 0.114960
v -0.059058 -0.055366 0.108631
v -0.074879 -0.052993 0.099666
v -0.087536 -0.046928 0.090700
v -0.098611 -0.033348 0.085954
v -0.110741 -0.027152 0.071715
v -0.107576 -0.037435 0.072770
v -0.094919 -0.053257 0.079626
v -0.099138 -0.059585 0.070133
v -0.115487 -0.036908 0.058530
v -0.111268 -0.055630 0.052993
v -0.095974 -0.076461 0.057739
v -0.085954 -0.078571 0.068551
v -0.083845 -0.071715 0.078571
v -0.085427 -0.059849 0.085427
v -0.078043 -0.071188 0.084372
v -0.076461 -0.078571 0.080153
v -0.072242 -0.088064 0.072770
v -0.066705 -0.083845 0.083845
v -0.068551 -0.074879 0.090173
v -0.055103 -0.075934 0.097556
v -0.053520 -0.091228 0.084372
v -0.037963 -0.077516 0.104412
v -0.028075 -0.095974 0.091228
v 0.011133 -0.010276 -0.135000
v 0.002596 0.000404 -0.135000
v 0.016736 0.000338 -0.134473
v -0.003799 -0.010539 -0.135000
v -0.011594 0.000288 -0.134473
v -0.020032 -0.010210 -0.133418
v -0.012847 -0.022010 -0.132363
v 0.002332 -0.021350 -0.132890
v 0.016604 -0.021614 -0.131836
v 0.023460 -0.009155 -0.132890
v 0.030975 0.000239 -0.131308
v 0.038754 -0.009485 -0.128671
v 0.042446 0.000190 -0.127089
v 0.030711 -0.018186 -0.130254
v 0.043237 -0.021350 -0.125507
v 0.025965 -0.030448 -0.128671
v 0.035326 -0.035853 -0.124980
v 0.011264 -0.031502 -0.130781
v 0.020428 -0.040600 -0.126562
v 0.028997 -0.047719 -0.122870
v 0.043500 -0.040600 -0.120761
v 0.013440 -0.057739 -0.121288
v 0.027020 -0.060640 -0.118124
v 0.041918 -0.057476 -0.114960
v 0.017923 -0.078571 -0.108104
v 0.036908 -0.078043 -0.102830
v 0.027679 -0.096502 -0.090700
v 0.000272 -0.094392 -0.097556
v 0.000239 -0.078043 -0.110741
v -0.017923 -0.079626 -0.108104
v 0.000239 -0.059322 -0.121816
v -0.013572 -0.058003 -0.121816
v -0.028206 -0.058003 -0.119179
v -0.037699 -0.078043 -0.104412
v -0.042973 -0.057476 -0.114960
v -0.055103 -0.075934 -0.097029
v -0.058794 -0.055630 -0.108104
v -0.048247 -0.039281 -0.119706
v -0.034535 -0.040072 -0.123925
v -0.021219 -0.042709 -0.126035
v -0.010671 -0.037699 -0.129199
v -0.022273 -0.031502 -0.129199
v -0.036644 -0.030580 -0.126035
v -0.050620 -0.028997 -0.121288
v -0.063541 -0.037172 -0.112850
v -0.074352 -0.052993 -0.098611
v -0.076989 -0.033348 -0.105467
v -0.087009 -0.046928 -0.091228
v -0.065386 -0.027679 -0.114432
v -0.057739 -0.018977 -0.120233
v -0.043500 -0.019109 -0.126035
v -0.029129 -0.018714 -0.130254
v -0.002546 -0.030580 -0.131308
v 0.002316 -0.042446 -0.128144
v -0.035853 -0.009221 -0.129726
v -0.025965 0.000354 -0.132890
v -0.050620 -0.009089 -0.124452
v -0.040600 0.000190 -0.128671
v -0.063804 -0.009814 -0.118124
v -0.054311 0.000437 -0.122870
v -0.072770 -0.020164 -0.110741
v -0.087536 -0.028997 -0.097556
v -0.098084 -0.032030 -0.087009
v -0.095447 -0.021219 -0.091755
v -0.105467 -0.021087 -0.080680
v -0.083317 -0.019900 -0.103357
v -0.075934 -0.009485 -0.110213
v -0.068023 0.000371 -0.115487
v -0.088064 -0.011198 -0.100721
v -0.102303 -0.009550 -0.087009
v -0.111795 -0.008232 -0.074879
v -0.092283 0.094392 0.027547
v -0.095974 0.094919 -0.001129
v -0.109159 0.076989 0.017395
v -0.104412 0.076989 0.036908
v -0.119179 0.055894 0.027547
v -0.121288 0.056685 0.010078
v -0.110741 0.075934 -0.003568
v -0.121816 0.057212 -0.007474
v -0.129199 0.035853 -0.004095
v -0.129199 0.032821 -0.017659
v -0.120761 0.055630 -0.022933
v -0.125507 0.034799 -0.033085
v -0.129726 0.023064 -0.027152
v -0.125507 0.022933 -0.042446
v -0.129199 0.011792 -0.035590
v -0.116542 0.055894 -0.038227
v -0.108631 0.076989 -0.022273
v -0.103357 0.076989 -0.040336
v -0.091755 0.094392 -0.028075
v -0.078571 0.107576 -0.019900
v -0.080680 0.108104 0.001145
v -0.078571 0.106522 0.023856
v -0.083317 0.092283 0.052993
v -0.097029 0.076461 0.054575
v -0.071188 0.105994 0.042709
v -0.072242 0.090700 0.068023
v -0.083317 0.081735 0.068023
v -0.061695 0.105467 0.057739
v -0.059322 0.097029 0.072770
v -0.056948 0.113905 0.043764
v -0.066177 0.113378 0.029525
v -0.070133 0.113905 0.014956
v -0.066441 0.117069 0.000420
v -0.069605 0.113378 -0.014561
v -0.065914 0.113905 -0.029789
v -0.058267 0.120233 -0.013835
v -0.048774 0.125507 0.000140
v -0.044555 0.126035 -0.014297
v -0.057739 0.120233 0.013638
v -0.053784 0.120233 0.027152
v -0.040600 0.127617 0.015088
v -0.031502 0.130781 -0.000470
v -0.023460 0.132363 -0.016472
v -0.014956 0.134473 -0.000700
v -0.018582 0.132890 0.016406
v -0.000288 0.134473 0.011528
v 0.000107 0.135000 -0.005200
v 0.015352 0.133945 0.000404
v -0.000222 0.132890 0.025569
v -0.016604 0.129199 0.035326
v 0.000255 0.127617 0.043500
v -0.014033 0.123398 0.051411
v -0.029393 0.120233 0.053257
v -0.014099 0.116542 0.065650
v -0.028734 0.112323 0.068023
v -0.019241 0.108104 0.078043
v -0.043500 0.105467 0.072242
v -0.029525 0.094392 0.092283
v -0.052993 0.091755 0.084372
v -0.044291 0.112850 0.057739
v -0.044028 0.119706 0.042709
v -0.035590 0.126035 0.029920
v -0.134473 -0.009023 -0.007243
v -0.133945 -0.019109 0.003304
v -0.134473 -0.009287 0.011264
v -0.132890 -0.020032 -0.014165
v -0.130781 -0.030711 -0.007738
v -0.131836 -0.028734 0.005595
v -0.131836 -0.020032 0.019900
v -0.129726 -0.030843 0.016274
v -0.128671 -0.040863 0.003189
v -0.127089 -0.040600 0.020296
v -0.127617 -0.030052 0.030843
v -0.128144 -0.019241 0.034799
v -0.132363 -0.008957 0.025833
v -0.133945 0.000849 0.018450
v -0.135000 0.001228 0.002728
v -0.133418 0.011990 0.010276
v -0.134473 0.012187 -0.005068
v -0.133945 0.001261 -0.014363
v -0.132363 0.012055 -0.020559
v -0.131308 0.001063 -0.028997
v -0.129199 0.011792 -0.035590
v -0.127617 0.001047 -0.043237
v -0.129726 -0.008891 -0.035062
v -0.132890 -0.009287 -0.020823
v -0.130254 -0.019768 -0.028470
v -0.126562 -0.018318 -0.043237
v -0.126035 -0.029261 -0.037172
v -0.129199 -0.030316 -0.022010
v -0.128144 -0.041127 -0.014033
v -0.126035 -0.040336 -0.029393
v -0.120761 -0.038490 -0.045082
v -0.119706 -0.057476 -0.025042
v -0.116014 -0.056948 -0.041127
v -0.104412 -0.078043 -0.036381
v -0.109159 -0.078043 -0.015879
v -0.090173 -0.096502 -0.029525
v -0.097029 -0.094919 -0.000437
v -0.110741 -0.076989 0.004343
v -0.107576 -0.077516 0.022933
v -0.120761 -0.057476 0.015286
v -0.117069 -0.056948 0.035326
v -0.121816 -0.058530 -0.004705
v -0.122870 -0.039281 0.037699
v -0.111268 -0.055630 0.052993
v -0.115487 -0.036908 0.058530
v -0.123398 -0.028338 0.044555
v -0.124452 -0.016736 0.048774
v -0.118124 -0.025306 0.058794
v -0.110741 -0.027152 0.071715
v -0.107576 -0.037435 0.072770
v -0.112323 -0.017791 0.071715
v -0.103357 -0.023328 0.083845
v -0.120233 -0.009089 0.060376
v -0.113378 -0.007177 0.073297
v -0.103885 -0.013638 0.084899
v -0.105994 -0.000783 0.083845
v -0.111795 0.009023 0.075407
v -0.103357 0.010144 0.085954
v -0.093865 -0.001096 0.097556
v -0.119179 0.000733 0.063277
v -0.117597 0.011396 0.064859
v -0.122343 0.010671 0.054311
v -0.124452 -0.000667 0.050620
v -0.128671 -0.008298 0.040072
v -0.130781 0.000997 0.033348
v -0.131836 0.012055 0.024119
v -0.128671 0.011067 0.035326
v -0.126562 0.004837 0.044819
v 0.130254 0.011726 -0.035590
v 0.132890 0.001129 -0.028734
v 0.128144 0.001294 -0.042709
v 0.133418 0.011858 -0.020428
v 0.135000 0.001310 -0.013176
v 0.134473 0.011660 -0.002958
v 0.135000 0.000915 0.004837
v 0.134473 0.012121 0.012451
v 0.133945 0.001178 0.020296
v 0.132363 0.012055 0.027283
v 0.130781 0.001261 0.034535
v 0.127617 0.011858 0.042182
v 0.127617 0.023328 0.035853
v 0.131308 0.023592 0.020691
v 0.132890 0.023856 0.005068
v 0.129726 0.034799 0.013835
v 0.130781 0.034271 -0.003123
v 0.122870 0.055630 -0.004870
v 0.132890 0.023196 -0.011660
v 0.130254 0.023196 -0.027547
v 0.129726 0.034799 -0.016011
v 0.120761 0.055630 -0.021350
v 0.126562 0.034535 -0.032162
v 0.117069 0.055894 -0.038227
v 0.108631 0.076989 -0.022669
v 0.122343 0.033744 -0.046665
v 0.111795 0.054311 -0.054311
v 0.103357 0.076989 -0.040600
v 0.115487 0.032162 -0.062486
v 0.120233 0.022273 -0.056421
v 0.113905 0.021219 -0.069605
v 0.119179 0.011462 -0.063277
v 0.124980 0.011660 -0.049038
v 0.126562 0.023064 -0.042182
v 0.122343 0.000981 -0.056421
v 0.116014 0.000783 -0.069605
v 0.112323 0.010078 -0.074879
v 0.030975 0.022142 -0.129199
v 0.036381 0.010737 -0.129199
v 0.022537 0.011001 -0.132363
v 0.030975 0.000239 -0.131308
v 0.042446 0.000190 -0.127089
v 0.016736 0.000338 -0.134473
v 0.008628 0.011067 -0.134473
v 0.002596 0.000404 -0.135000
v 0.017000 0.022273 -0.131836
v 0.025701 0.034535 -0.127089
v 0.038754 0.033744 -0.124452
v 0.012912 0.033744 -0.129726
v 0.015154 0.055894 -0.121816
v -0.000865 0.022801 -0.132890
v -0.000107 0.035326 -0.129726
v 0.000124 0.055103 -0.122870
v -0.013044 0.034271 -0.129199
v -0.015483 0.055630 -0.121288
v -0.016538 0.022537 -0.131836
v -0.005826 0.010935 -0.134473
v -0.011594 0.000288 -0.134473
v -0.021350 0.010869 -0.133418
v -0.025965 0.000354 -0.132890
v -0.020032 -0.010210 -0.133418
v -0.033480 0.009880 -0.130254
v -0.040600 0.000190 -0.128671
v -0.035853 -0.009221 -0.129726
v -0.046665 0.010210 -0.126035
v -0.054311 0.000437 -0.122870
v -0.050620 -0.009089 -0.124452
v -0.057476 0.010935 -0.121288
v -0.068023 0.000371 -0.115487
v -0.063804 -0.009814 -0.118124
v -0.031898 0.020823 -0.129199
v -0.029261 0.032689 -0.127089
v -0.031898 0.055894 -0.118651
v -0.018186 0.077516 -0.108104
v -0.047192 0.032953 -0.121288
v -0.046401 0.055630 -0.113905
v -0.037172 0.077516 -0.103885
v -0.054311 0.076989 -0.097029
v -0.060113 0.033480 -0.115487
v -0.059849 0.054048 -0.107576
v -0.059322 0.022142 -0.118651
v -0.046137 0.021878 -0.124452
v -0.069605 0.010803 -0.114960
v 0.030975 0.022142 -0.129199
v 0.038754 0.033744 -0.124452
v 0.045873 0.022273 -0.124452
v 0.036381 0.010737 -0.129199
v 0.050356 0.010737 -0.124452
v 0.042446 0.000190 -0.127089
v 0.055630 0.000190 -0.122343
v 0.062222 0.010539 -0.118651
v 0.069605 0.000091 -0.115487
v 0.071715 0.009880 -0.113905
v 0.082262 0.000552 -0.107576
v 0.079098 0.011001 -0.109159
v 0.089646 0.010539 -0.100721
v 0.095974 0.000371 -0.096502
v 0.103885 0.010210 -0.085954
v 0.107576 0.000272 -0.082262
v 0.112323 0.010078 -0.074879
v 0.116014 0.000783 -0.069605
v 0.104940 0.020823 -0.082262
v 0.113905 0.021219 -0.069605
v 0.119179 0.011462 -0.063277
v 0.107576 0.030975 -0.075934
v 0.115487 0.032162 -0.062486
v 0.101775 0.053520 -0.070660
v 0.111795 0.054311 -0.054311
v 0.096502 0.076461 -0.056685
v 0.103357 0.076989 -0.040600
v 0.089118 0.074352 -0.068551
v 0.083317 0.082262 -0.067496
v 0.076989 0.092810 -0.059849
v 0.075934 0.079098 -0.079098
v 0.068023 0.091228 -0.072770
v 0.065650 0.081735 -0.083845
v 0.050356 0.094392 -0.082262
v 0.055103 0.076989 -0.096502
v 0.037963 0.077516 -0.103885
v 0.028734 0.094919 -0.091755
v 0.018450 0.078043 -0.108631
v 0.046137 0.055103 -0.114432
v 0.031107 0.056157 -0.118651
v 0.052466 0.033348 -0.119706
v 0.059849 0.054048 -0.108104
v 0.068023 0.074352 -0.089646
v 0.078571 0.069605 -0.084372
v 0.083317 0.071715 -0.078571
v 0.095447 0.052466 -0.080153
v 0.098084 0.030580 -0.087536
v 0.094919 0.020691 -0.093865
v 0.083845 0.021087 -0.103357
v 0.071188 0.020691 -0.112323
v 0.059058 0.022273 -0.119179
v 0.065650 0.032294 -0.113378
v 0.076461 0.030975 -0.106522
v 0.088064 0.033744 -0.096502
v 0.087536 0.047192 -0.091228
v 0.085954 0.058530 -0.085427
v 0.074879 0.052466 -0.099138
v 0.118124 -0.017263 0.063013
v 0.119706 -0.027943 0.056157
v 0.124452 -0.017527 0.048774
v 0.122870 -0.008496 0.055103
v 0.128144 -0.008397 0.040863
v 0.112850 -0.026888 0.070133
v 0.114432 -0.037172 0.062486
v 0.106522 -0.035590 0.076461
v 0.104412 -0.024383 0.082262
v 0.111268 -0.015681 0.075407
v 0.116542 -0.004409 0.069078
v 0.102830 -0.014429 0.087009
v 0.094392 -0.022669 0.093865
v 0.089118 -0.010012 0.101248
v 0.082262 -0.020164 0.104940
v 0.075934 -0.009814 0.111268
v 0.071715 -0.022142 0.112850
v 0.063277 -0.011792 0.118651
v 0.081735 -0.032030 0.103357
v 0.095974 -0.033216 0.089118
v 0.095974 -0.053520 0.079626
v 0.103357 -0.055894 0.069078
v 0.087536 -0.047456 0.091228
v 0.083317 -0.072242 0.078571
v 0.084372 -0.060376 0.085954
v 0.078043 -0.071188 0.084899
v 0.074879 -0.053257 0.099666
v 0.067496 -0.074352 0.090700
v 0.066705 -0.035853 0.112323
v 0.057476 -0.026624 0.119706
v 0.049038 -0.018450 0.124452
v 0.051411 -0.008562 0.124980
v 0.038227 -0.009485 0.129199
v 0.031898 -0.019109 0.129726
v 0.025306 -0.009221 0.132363
v 0.015549 -0.022010 0.132363
v 0.012912 -0.010342 0.134473
v 0.000832 -0.011067 0.135000
v -0.000074 -0.000025 0.135000
v -0.009880 -0.010671 0.134473
v 0.000733 -0.021219 0.133418
v 0.011462 -0.031766 0.130254
v 0.025701 -0.030975 0.128671
v 0.041127 -0.029657 0.124980
v 0.050092 -0.038490 0.119706
v 0.035326 -0.039545 0.123925
v 0.020164 -0.040600 0.127089
v 0.001689 -0.042709 0.128144
v -0.001739 -0.030580 0.131308
v -0.013704 -0.022142 0.132363
v -0.022010 -0.010144 0.132890
v -0.014033 0.000420 0.134473
v -0.028866 -0.018582 0.130781
v -0.036117 -0.009089 0.130254
v -0.027152 0.000519 0.132890
v -0.043237 -0.019241 0.126562
v -0.034271 -0.030580 0.127089
v -0.021878 -0.030975 0.128671
v -0.010803 -0.037172 0.129726
v -0.013242 -0.057739 0.122343
v -0.023987 -0.040336 0.126035
v -0.037699 -0.039281 0.122870
v -0.047983 -0.029129 0.122870
v -0.028206 -0.057739 0.119179
v -0.043764 -0.056421 0.114960
v -0.037963 -0.077516 0.104412
v -0.017791 -0.079098 0.108104
v -0.028075 -0.095974 0.091228
v 0.000008 -0.094392 0.097556
v 0.000288 -0.078043 0.110741
v 0.000008 -0.059585 0.121816
v 0.013704 -0.058003 0.121816
v 0.017923 -0.078571 0.108104
v 0.027943 -0.096502 0.091228
v 0.037435 -0.078043 0.103885
v 0.027943 -0.058794 0.119179
v 0.043237 -0.056685 0.114960
v 0.054839 -0.076461 0.097029
v 0.058794 -0.055366 0.108631
v 0.118124 -0.017263 0.063013
v 0.122870 -0.008496 0.055103
v 0.116542 -0.004409 0.069078
v 0.120761 0.001277 0.061167
v 0.126035 0.001096 0.048247
v 0.128144 -0.008397 0.040863
v 0.122343 0.011330 0.056421
v 0.127617 0.011858 0.042182
v 0.130781 0.001261 0.034535
v 0.122870 0.022405 0.051411
v 0.127617 0.023328 0.035853
v 0.122870 0.033744 0.045346
v 0.116014 0.032425 0.061431
v 0.114960 0.055103 0.043237
v 0.119179 0.055894 0.029393
v 0.108631 0.054311 0.059058
v 0.098084 0.076461 0.054311
v 0.089646 0.074352 0.068551
v 0.098611 0.052993 0.075407
v 0.083317 0.071715 0.078571
v 0.076461 0.079626 0.078043
v 0.078571 0.070660 0.084372
v 0.067496 0.074879 0.090173
v 0.075407 0.052729 0.099666
v 0.059849 0.054311 0.108104
v 0.054839 0.076989 0.097029
v 0.057739 0.088064 0.084372
v 0.069078 0.031766 0.111795
v 0.085427 0.030843 0.099666
v 0.088064 0.046928 0.091228
v 0.085427 0.059322 0.085954
v 0.097556 0.030711 0.088591
v 0.107576 0.030843 0.076461
v 0.116542 0.021350 0.065123
v 0.114432 0.010012 0.071188
v 0.107049 -0.001277 0.082790
v 0.111268 -0.015681 0.075407
v 0.102830 -0.014429 0.087009
v 0.094919 0.000288 0.096502
v 0.089118 -0.010012 0.101248
v 0.082262 0.000552 0.107049
v 0.075934 -0.009814 0.111268
v 0.069605 0.000272 0.116014
v 0.063277 -0.011792 0.118651
v 0.057476 -0.000124 0.122343
v 0.064068 0.010342 0.118651
v 0.075934 0.010605 0.111795
v 0.071715 0.020955 0.112850
v 0.059322 0.022405 0.119179
v 0.082790 0.021087 0.104940
v 0.085954 0.010671 0.102830
v 0.094919 0.010605 0.094919
v 0.105994 0.009682 0.083845
v 0.110213 0.019637 0.074879
v 0.103885 0.020823 0.084899
v 0.092810 0.020691 0.095447
v -0.029261 0.119179 -0.055894
v -0.044028 0.119706 -0.043237
v -0.028206 0.124980 -0.040072
v -0.037963 0.126035 -0.028206
v -0.023460 0.132363 -0.016472
v -0.015418 0.129726 -0.034535
v -0.014363 0.123398 -0.051938
v 0.000206 0.128144 -0.042973
v -0.000371 0.133418 -0.020296
v -0.014956 0.134473 -0.000700
v 0.000107 0.135000 -0.005200
v 0.018977 0.128671 -0.035853
v -0.000371 0.120233 -0.060904
v 0.013769 0.122870 -0.052466
v 0.013572 0.116014 -0.066705
v -0.000882 0.109686 -0.078043
v 0.018318 0.107576 -0.078043
v -0.014758 0.116542 -0.066441
v -0.029129 0.112323 -0.068023
v -0.021878 0.107576 -0.078043
v -0.044291 0.105467 -0.071188
v -0.044291 0.113378 -0.058267
v -0.057212 0.113905 -0.044555
v -0.053784 0.120761 -0.028470
v -0.044555 0.126035 -0.014297
v -0.058267 0.120233 -0.013835
v -0.065914 0.113905 -0.029789
v -0.071188 0.105467 -0.042973
v -0.078571 0.107576 -0.019900
v -0.091755 0.094392 -0.028075
v -0.081735 0.092283 -0.055103
v -0.103357 0.076989 -0.040336
v -0.060904 0.104940 -0.058267
v -0.069078 0.090700 -0.072242
v -0.082790 0.081735 -0.068023
v -0.052729 0.092283 -0.083317
v -0.065386 0.082790 -0.083317
v -0.054311 0.076989 -0.097029
v -0.037172 0.077516 -0.103885
v -0.028206 0.094392 -0.091755
v -0.018186 0.077516 -0.108104
v -0.031898 0.055894 -0.118651
v 0.000272 0.095447 -0.095974
v 0.000041 0.075407 -0.111795
v -0.015483 0.055630 -0.121288
v 0.000124 0.055103 -0.122870
v 0.015154 0.055894 -0.121816
v 0.012912 0.033744 -0.129726
v 0.018450 0.078043 -0.108631
v 0.031107 0.056157 -0.118651
v 0.037963 0.077516 -0.103885
v 0.025701 0.034535 -0.127089
v 0.038754 0.033744 -0.124452
v 0.028734 0.094919 -0.091755
v 0.014692 -0.133418 -0.016670
v 0.029788 -0.131836 -0.000140
v 0.014297 -0.135000 0.000157
v 0.015549 -0.133418 0.016406
v -0.000437 -0.134473 -0.016802
v 0.030711 -0.130781 -0.019768
v 0.015945 -0.130254 -0.034535
v 0.031634 -0.124980 -0.041391
v 0.014429 -0.124452 -0.050092
v 0.029525 -0.119706 -0.056157
v 0.046665 -0.119179 -0.043764
v 0.043764 -0.124980 -0.028470
v 0.042446 -0.127617 -0.012187
v 0.045610 -0.126562 0.006221
v 0.031634 -0.129726 0.018054
v 0.055103 -0.122870 -0.013967
v 0.057739 -0.118651 -0.028997
v 0.059849 -0.112850 -0.044819
v 0.044555 -0.112850 -0.059585
v 0.027020 -0.113905 -0.068023
v 0.013769 -0.118651 -0.064068
v 0.042182 -0.105994 -0.072242
v 0.017923 -0.109686 -0.076989
v 0.027679 -0.096502 -0.090700
v 0.053257 -0.093337 -0.082262
v 0.070133 -0.090700 -0.071715
v 0.064332 -0.103885 -0.058267
v 0.074879 -0.104412 -0.041918
v 0.070660 -0.111795 -0.028866
v 0.066177 -0.117597 -0.014429
v 0.059322 -0.121288 0.000107
v 0.056157 -0.121816 0.015615
v 0.043500 -0.124980 0.027020
v 0.066177 -0.117069 0.014363
v 0.063541 -0.115487 0.029788
v 0.071188 -0.114960 0.000091
v 0.078571 -0.109686 0.012385
v 0.070133 -0.111795 0.028602
v 0.079098 -0.110213 -0.012583
v 0.096502 -0.095974 0.004705
v 0.091228 -0.096502 -0.029657
v 0.097556 -0.094919 -0.004870
v 0.081735 -0.092283 -0.056685
v 0.082790 -0.081208 -0.069605
v 0.104940 -0.078043 -0.036381
v 0.097029 -0.076989 -0.055894
v 0.110213 -0.077516 -0.015681
v -0.105994 -0.000783 0.083845
v -0.103885 -0.013638 0.084899
v -0.093865 -0.001096 0.097556
v -0.112323 -0.017791 0.071715
v -0.081208 0.000404 0.107576
v -0.081735 0.010803 0.106522
v -0.069078 0.000404 0.116014
v -0.069078 0.010935 0.115487
v -0.056685 -0.000091 0.123398
v -0.051147 -0.009089 0.124980
v -0.041391 0.000041 0.128671
v -0.036117 -0.009089 0.130254
v -0.043237 -0.019241 0.126562
v -0.034271 -0.030580 0.127089
v 0.053257 -0.092283 0.083845
v 0.037435 -0.078043 0.103885
v 0.027943 -0.096502 0.091228
v 0.054839 -0.076461 0.097029
v 0.066177 -0.083317 0.083845
v 0.067496 -0.074352 0.090700
v 0.075407 -0.078571 0.080153
v 0.078043 -0.071188 0.084899
v 0.083317 -0.072242 0.078571
v 0.084372 -0.060376 0.085954
v 0.083845 -0.080153 0.069078
v 0.089646 -0.073297 0.069605
v 0.095974 -0.053520 0.079626
v 0.103357 -0.055894 0.069078
v 0.095974 -0.076461 0.057739
v 0.111268 -0.056421 0.052993
v 0.114432 -0.037172 0.062486
v 0.106522 -0.035590 0.076461
v 0.120233 -0.038490 0.048510
v 0.119706 -0.027943 0.056157
v 0.124980 -0.028734 0.041654
v 0.124452 -0.017527 0.048774
v 0.128671 -0.018977 0.034799
v 0.128144 -0.008397 0.040863
v 0.124980 -0.039809 0.034271
v 0.117597 -0.057212 0.037435
v 0.103357 -0.077516 0.040863
v 0.081208 -0.092283 0.056948
v 0.090700 -0.095974 0.029788
v 0.075934 -0.104412 0.039545
v 0.078571 -0.109686 0.012385
v 0.070133 -0.111795 0.028602
v 0.064595 -0.107576 0.049829
v 0.063541 -0.115487 0.029788
v 0.066177 -0.117069 0.014363
v 0.053257 -0.118651 0.035590
v 0.056157 -0.121816 0.015615
v 0.043500 -0.124980 0.027020
v 0.032425 -0.124452 0.040863
v 0.031634 -0.129726 0.018054
v 0.045610 -0.126562 0.006221
v 0.016209 -0.129726 0.033612
v 0.015549 -0.133418 0.016406
v 0.029788 -0.131836 -0.000140
v 0.000190 -0.131836 0.027943
v 0.000058 -0.134473 0.016077
v 0.014297 -0.135000 0.000157
v -0.000981 -0.135000 0.000404
v -0.015352 -0.133945 0.015747
v -0.015418 -0.134473 -0.000964
v -0.018054 -0.129726 0.032294
v -0.000272 -0.127089 0.042709
v -0.014033 -0.123925 0.050356
v -0.030448 -0.124452 0.042182
v -0.000157 -0.122343 0.057476
v 0.014495 -0.124980 0.049565
v 0.029657 -0.119179 0.056421
v 0.013308 -0.118124 0.063541
v 0.026756 -0.113378 0.068551
v 0.041918 -0.111795 0.062749
v 0.047456 -0.114960 0.049829
v 0.058794 -0.099666 0.071188
v 0.038227 -0.105467 0.075934
v 0.017659 -0.109686 0.076989
v 0.000041 -0.114960 0.070660
v -0.013704 -0.118651 0.064332
v -0.029789 -0.119179 0.056421
v -0.026756 -0.113378 0.068551
v -0.016868 -0.109686 0.077516
v -0.037172 -0.105467 0.076461
v -0.028075 -0.095974 0.091228
v 0.000008 -0.107049 0.081735
v 0.000008 -0.094392 0.097556
v 0.071715 -0.088064 0.072770
v 0.131308 0.023592 0.020691
v 0.127089 0.034271 0.029657
v 0.127617 0.023328 0.035853
v 0.122870 0.033744 0.045346
v 0.119179 0.055894 0.029393
v 0.122343 0.056157 0.011198
v 0.129726 0.034799 0.013835
v 0.122870 0.055630 -0.004870
v 0.111795 0.075407 -0.003964
v 0.120761 0.055630 -0.021350
v 0.108631 0.076989 -0.022669
v 0.097556 0.093865 -0.003255
v 0.110213 0.076461 0.016274
v 0.104940 0.076989 0.036117
v 0.114960 0.055103 0.043237
v 0.095447 0.094919 0.010276
v 0.087536 0.094919 0.039545
v 0.078571 0.106522 0.023460
v 0.081208 0.108104 0.000700
v 0.069605 0.113905 0.015549
v 0.067496 0.113378 0.030184
v 0.066705 0.117069 0.000107
v 0.057739 0.120761 0.013110
v 0.053784 0.120761 0.027415
v 0.049038 0.125507 0.000041
v 0.040336 0.127617 0.014561
v 0.030843 0.131308 -0.001854
v 0.019109 0.132890 0.016077
v 0.015352 0.133945 0.000404
v 0.017527 0.133418 -0.017000
v 0.000107 0.135000 -0.005200
v -0.000371 0.133418 -0.020296
v 0.018977 0.128671 -0.035853
v 0.036117 0.126562 -0.027020
v 0.044028 0.126562 -0.014165
v 0.058267 0.120233 -0.014099
v 0.053257 0.120761 -0.028206
v 0.042182 0.120761 -0.042446
v 0.028075 0.119706 -0.055894
v 0.013769 0.122870 -0.052466
v 0.000206 0.128144 -0.042973
v 0.013572 0.116014 -0.066705
v 0.028338 0.112850 -0.068023
v 0.018318 0.107576 -0.078043
v 0.044028 0.113378 -0.057739
v 0.056685 0.113378 -0.044555
v 0.065914 0.113378 -0.029920
v 0.070133 0.113905 -0.014956
v 0.079626 0.107049 -0.020823
v 0.071715 0.105994 -0.042973
v 0.061431 0.104412 -0.058530
v 0.044028 0.105994 -0.071188
v 0.028734 0.094919 -0.091755
v 0.050356 0.094392 -0.082262
v 0.068023 0.091228 -0.072770
v 0.076989 0.092810 -0.059849
v 0.083317 0.082262 -0.067496
v 0.084372 0.093865 -0.048774
v 0.096502 0.076461 -0.056685
v 0.103357 0.076989 -0.040600
v 0.092810 0.094392 -0.025701
v 0.117069 0.055894 -0.038227
v 0.092283 -0.022142 -0.095974
v 0.101248 -0.009353 -0.089118
v 0.105994 -0.016077 -0.083317
v 0.112323 -0.008100 -0.075407
v 0.107576 0.000272 -0.082262
v 0.095974 0.000371 -0.096502
v 0.086481 -0.010078 -0.103357
v 0.082262 0.000552 -0.107576
v 0.075407 -0.009616 -0.111268
v 0.069605 0.000091 -0.115487
v 0.081208 -0.019900 -0.105467
v 0.072770 -0.024515 -0.110741
v 0.064859 -0.010012 -0.117597
v 0.055630 0.000190 -0.122343
v 0.050884 -0.009155 -0.123925
v 0.042446 0.000190 -0.127089
v 0.038754 -0.009485 -0.128671
v 0.043237 -0.021350 -0.125507
v 0.058003 -0.018977 -0.120233
v 0.061431 -0.027943 -0.117597
v 0.048774 -0.030448 -0.121816
v 0.035326 -0.035853 -0.124980
v 0.043500 -0.040600 -0.120761
v 0.052993 -0.038490 -0.118124
v 0.067496 -0.036117 -0.111795
v 0.083845 -0.032030 -0.101248
v 0.097029 -0.033480 -0.089118
v 0.104940 -0.024383 -0.082790
v 0.114432 -0.017131 -0.070133
v 0.115487 -0.027152 -0.065914
v 0.107049 -0.035853 -0.075407
v 0.115487 -0.037435 -0.060904
v 0.101248 -0.054839 -0.072242
v 0.110213 -0.056685 -0.055894
v 0.094919 -0.053520 -0.080153
v 0.087009 -0.047192 -0.090700
v 0.074352 -0.053257 -0.099666
v 0.057476 -0.055366 -0.109159
v 0.041918 -0.057476 -0.114960
v 0.028997 -0.047719 -0.122870
v 0.055103 -0.076461 -0.097029
v 0.036908 -0.078043 -0.102830
v 0.027020 -0.060640 -0.118124
v 0.053257 -0.093337 -0.082262
v 0.027679 -0.096502 -0.090700
v 0.066177 -0.082790 -0.082262
v 0.070133 -0.090700 -0.071715
v 0.082790 -0.081208 -0.069605
v 0.075407 -0.078043 -0.080153
v 0.067232 -0.074352 -0.090173
v 0.078571 -0.070660 -0.084372
v 0.082790 -0.059849 -0.088064
v 0.085427 -0.060640 -0.084899
v 0.083317 -0.072242 -0.078043
v 0.090173 -0.074879 -0.068551
v 0.081735 -0.092283 -0.056685
v 0.097029 -0.076989 -0.055894
v 0.117069 -0.057212 -0.040336
v 0.104940 -0.078043 -0.036381
v -0.036117 -0.009089 0.130254
v -0.027152 0.000519 0.132890
v -0.041391 0.000041 0.128671
v -0.033085 0.010539 0.130781
v -0.020955 0.011198 0.132890
v -0.030052 0.021350 0.129726
v -0.045610 0.021878 0.125507
v -0.016011 0.022537 0.132363
v -0.024119 0.032425 0.128671
v -0.037435 0.032953 0.124980
v -0.030052 0.055103 0.119179
v -0.014692 0.055630 0.122343
v -0.018054 0.077516 0.109159
v -0.037172 0.077516 0.104940
v 0.000387 0.074879 0.112323
v -0.000173 0.054575 0.122870
v -0.012055 0.033348 0.130254
v -0.000832 0.022537 0.132890
v 0.000107 0.035326 0.130254
v 0.013110 0.033348 0.129726
v 0.014626 0.055630 0.121816
v 0.018450 0.077516 0.108631
v 0.030580 0.055630 0.119179
v 0.037435 0.077516 0.104940
v 0.025701 0.034271 0.127617
v 0.016868 0.022273 0.132363
v 0.007309 0.011067 0.135000
v -0.007441 0.011001 0.134473
v -0.014033 0.000420 0.134473
v -0.022010 -0.010144 0.132890
v -0.000074 -0.000025 0.135000
v -0.009880 -0.010671 0.134473
v 0.015418 0.000651 0.134473
v 0.012912 -0.010342 0.134473
v 0.025306 -0.009221 0.132363
v 0.030580 0.000667 0.131308
v 0.038227 -0.009485 0.129199
v 0.043764 0.000091 0.127617
v 0.051411 -0.008562 0.124980
v 0.057476 -0.000124 0.122343
v 0.063277 -0.011792 0.118651
v 0.051675 0.010803 0.123925
v 0.064068 0.010342 0.118651
v 0.059322 0.022405 0.119179
v 0.046137 0.022273 0.124452
v 0.053257 0.033612 0.119706
v 0.069078 0.031766 0.111795
v 0.059849 0.054311 0.108104
v 0.045873 0.055366 0.114960
v 0.054839 0.076989 0.097029
v 0.030316 0.093865 0.092283
v 0.039281 0.033744 0.124452
v 0.031502 0.022405 0.129199
v 0.023064 0.011330 0.132363
v 0.038490 0.010737 0.129199
v -0.097029 0.030843 -0.088064
v -0.085427 0.031239 -0.098611
v -0.093337 0.020691 -0.094392
v -0.087009 0.047192 -0.090700
v -0.074879 0.052993 -0.099138
v -0.074352 0.031634 -0.107576
v -0.082790 0.020823 -0.103357
v -0.071188 0.021614 -0.111795
v -0.079098 0.010869 -0.107049
v -0.091228 0.010276 -0.097556
v -0.103357 0.010276 -0.085954
v -0.104412 0.020823 -0.082790
v -0.106522 0.031107 -0.076461
v -0.094919 0.051938 -0.079626
v -0.085427 0.059058 -0.085427
v -0.076989 0.071188 -0.083845
v -0.082262 0.072242 -0.078043
v -0.088591 0.074352 -0.068551
v -0.101248 0.053520 -0.070660
v -0.114960 0.032030 -0.062749
v -0.112850 0.021219 -0.069605
v -0.111268 0.010210 -0.074879
v -0.107049 0.000305 -0.081208
v -0.095447 -0.000437 -0.094919
v -0.082262 0.000783 -0.105994
v -0.069605 0.010803 -0.114960
v -0.059322 0.022142 -0.118651
v -0.060113 0.033480 -0.115487
v -0.059849 0.054048 -0.107576
v -0.066969 0.074879 -0.089118
v -0.075407 0.078571 -0.079626
v -0.082790 0.081735 -0.068023
v -0.069078 0.090700 -0.072242
v -0.065386 0.082790 -0.083317
v -0.054311 0.076989 -0.097029
v -0.046401 0.055630 -0.113905
v -0.095974 0.076461 -0.056157
v -0.081735 0.092283 -0.055103
v -0.103357 0.076989 -0.040336
v -0.110741 0.054048 -0.054575
v -0.116542 0.055894 -0.038227
v -0.121288 0.033612 -0.046665
v -0.125507 0.034799 -0.033085
v -0.125507 0.022933 -0.042446
v -0.120233 0.022273 -0.056685
v -0.118651 0.011067 -0.063804
v -0.115487 0.000849 -0.069605
v -0.111795 -0.008232 -0.074879
v -0.102303 -0.009550 -0.087009
v -0.088064 -0.011198 -0.100721
v -0.075934 -0.009485 -0.110213
v -0.068023 0.000371 -0.115487
v -0.057476 0.010935 -0.121288
v -0.124452 0.011792 -0.050092
v -0.129199 0.011792 -0.035590
v -0.127617 0.001047 -0.043237
v -0.122343 0.001047 -0.056685
v -0.119179 -0.007309 -0.062486
v -0.124980 -0.008133 -0.049301
v -0.129726 -0.008891 -0.035062
v 0.028470 0.122870 0.045610
v 0.027152 0.118124 0.057476
v 0.044291 0.113378 0.058530
v 0.043237 0.120233 0.041918
v 0.027679 0.112850 0.069078
v 0.013440 0.123398 0.051675
v 0.013308 0.116542 0.066441
v 0.018977 0.108104 0.078571
v 0.043764 0.105467 0.071715
v 0.030316 0.093865 0.092283
v 0.057739 0.088064 0.084372
v 0.054839 0.076989 0.097029
v 0.066705 0.091228 0.073824
v 0.076461 0.079626 0.078043
v 0.067496 0.074879 0.090173
v 0.081208 0.087536 0.063541
v 0.089646 0.074352 0.068551
v 0.098084 0.076461 0.054311
v 0.087536 0.094919 0.039545
v 0.104940 0.076989 0.036117
v 0.114960 0.055103 0.043237
v 0.061958 0.104940 0.058530
v 0.056948 0.113378 0.044028
v 0.071715 0.105994 0.043237
v 0.078571 0.106522 0.023460
v 0.067496 0.113378 0.030184
v 0.053784 0.120761 0.027415
v 0.069605 0.113905 0.015549
v 0.033216 0.127089 0.029129
v 0.015549 0.129199 0.035326
v 0.019109 0.132890 0.016077
v 0.040336 0.127617 0.014561
v 0.057739 0.120761 0.013110
v -0.000288 0.134473 0.011528
v 0.015352 0.133945 0.000404
v -0.000222 0.132890 0.025569
v 0.000255 0.127617 0.043500
v -0.000354 0.120233 0.061431
v -0.014033 0.123398 0.051411
v -0.014099 0.116542 0.065650
v -0.000255 0.110213 0.078571
v -0.019241 0.108104 0.078043
v -0.000404 0.095447 0.096502
v -0.029525 0.094392 0.092283
v -0.018054 0.077516 0.109159
v 0.000387 0.074879 0.112323
v 0.018450 0.077516 0.108631
v 0.037435 0.077516 0.104940
v -0.030052 0.021350 0.129726
v -0.037435 0.032953 0.124980
v -0.045610 0.021878 0.125507
v -0.051675 0.033085 0.120761
v -0.045346 0.055630 0.114432
v -0.030052 0.055103 0.119179
v -0.037172 0.077516 0.104940
v -0.054048 0.076989 0.097029
v -0.059849 0.054311 0.109159
v -0.066177 0.032425 0.113378
v -0.058794 0.022273 0.119179
v -0.057739 0.010803 0.121816
v -0.048247 0.010078 0.126035
v -0.033085 0.010539 0.130781
v -0.041391 0.000041 0.128671
v -0.056685 -0.000091 0.123398
v -0.069078 0.000404 0.116014
v -0.069078 0.010935 0.115487
v -0.070660 0.021219 0.112323
v -0.081735 0.010803 0.106522
v -0.081208 0.000404 0.107576
v -0.083845 0.020955 0.103885
v -0.093337 0.010342 0.097029
v -0.093865 -0.001096 0.097556
v -0.103357 0.010144 0.085954
v -0.094919 0.020691 0.092810
v -0.104940 0.020823 0.081735
v -0.111795 0.009023 0.075407
v -0.113378 0.021219 0.069605
v -0.117597 0.011396 0.064859
v -0.119706 0.022010 0.056685
v -0.122343 0.010671 0.054311
v -0.124452 0.020428 0.044819
v -0.126562 0.004837 0.044819
v -0.128671 0.011067 0.035326
v -0.127089 0.023328 0.035062
v -0.131836 0.012055 0.024119
v -0.130781 0.023724 0.019768
v -0.133418 0.011990 0.010276
v -0.132363 0.024251 0.004310
v -0.134473 0.012187 -0.005068
v -0.131836 0.023064 -0.012978
v -0.132363 0.012055 -0.020559
v -0.129726 0.023064 -0.027152
v -0.129199 0.011792 -0.035590
v -0.129199 0.032821 -0.017659
v -0.129199 0.035853 -0.004095
v -0.129199 0.034799 0.013769
v -0.121288 0.056685 0.010078
v -0.119179 0.055894 0.027547
v -0.126562 0.034271 0.029920
v -0.121816 0.032821 0.046137
v -0.114960 0.032030 0.062222
v -0.106522 0.031107 0.076461
v -0.097556 0.030580 0.088591
v -0.088064 0.031239 0.097556
v -0.078571 0.031107 0.104940
v -0.073824 0.052993 0.099666
v -0.066969 0.074879 0.090173
v -0.066177 0.082790 0.082790
v -0.052993 0.091755 0.084372
v -0.029525 0.094392 0.092283
v -0.018054 0.077516 0.109159
v -0.059322 0.097029 0.072770
v -0.072242 0.090700 0.068023
v -0.075407 0.078043 0.079626
v -0.083317 0.081735 0.068023
v -0.076989 0.071715 0.084372
v -0.082262 0.072242 0.078043
v -0.089118 0.074352 0.068551
v -0.097029 0.076461 0.054575
v -0.083317 0.092283 0.052993
v -0.108631 0.054311 0.058530
v -0.114960 0.054839 0.042446
v -0.104412 0.076989 0.036908
v -0.099138 0.053520 0.073824
v -0.094392 0.051938 0.081208
v -0.085954 0.047192 0.091755
v -0.084372 0.059322 0.085954
v -0.052202 -0.124452 0.015022
v -0.065914 -0.117597 0.014297
v -0.058794 -0.121288 0.000305
v -0.056685 -0.119179 0.029393
v -0.069078 -0.112323 0.029129
v -0.076989 -0.110213 0.016472
v -0.071715 -0.114960 0.000041
v -0.065914 -0.117597 -0.014297
v -0.052729 -0.123925 -0.014099
v -0.044819 -0.127089 0.000074
v -0.033744 -0.130254 -0.016670
v -0.029657 -0.131836 -0.000717
v -0.033480 -0.129199 0.015879
v -0.042182 -0.124980 0.029393
v -0.018054 -0.129726 0.032294
v -0.015352 -0.133945 0.015747
v -0.015418 -0.134473 -0.000964
v -0.030448 -0.124452 0.042182
v -0.046137 -0.119706 0.043500
v -0.029789 -0.119179 0.056421
v -0.014033 -0.123925 0.050356
v -0.051675 -0.110741 0.057212
v -0.041127 -0.111268 0.064068
v -0.026756 -0.113378 0.068551
v -0.037172 -0.105467 0.076461
v -0.059322 -0.098611 0.071715
v -0.053520 -0.091228 0.084372
v -0.028075 -0.095974 0.091228
v -0.066705 -0.083845 0.083845
v -0.072242 -0.088064 0.072770
v -0.066441 -0.103885 0.056157
v -0.060376 -0.112850 0.043500
v -0.074352 -0.104412 0.041391
v -0.081208 -0.092283 0.056685
v -0.085954 -0.078571 0.068551
v -0.095974 -0.076461 0.057739
v -0.103357 -0.077516 0.041127
v -0.111268 -0.055630 0.052993
v -0.117069 -0.056948 0.035326
v -0.107576 -0.077516 0.022933
v -0.090173 -0.095974 0.029657
v -0.083845 -0.105994 -0.001838
v -0.097029 -0.094919 -0.000437
v -0.090173 -0.096502 -0.029525
v -0.075934 -0.110213 -0.018977
v -0.069078 -0.112850 -0.029393
v 0.124980 -0.039809 0.034271
v 0.117597 -0.057212 0.037435
v 0.121288 -0.058003 0.017659
v 0.108104 -0.077516 0.023064
v 0.103357 -0.077516 0.040863
v 0.090700 -0.095974 0.029788
v 0.096502 -0.095974 0.004705
v 0.078571 -0.109686 0.012385
v 0.111268 -0.076989 0.004277
v 0.097556 -0.094919 -0.004870
v 0.079098 -0.110213 -0.012583
v 0.110213 -0.077516 -0.015681
v 0.091228 -0.096502 -0.029657
v 0.122343 -0.058267 -0.002958
v 0.120233 -0.057476 -0.024515
v 0.104940 -0.078043 -0.036381
v 0.117069 -0.057212 -0.040336
v 0.125507 -0.040072 -0.029657
v 0.121816 -0.039018 -0.044819
v 0.110213 -0.056685 -0.055894
v 0.115487 -0.037435 -0.060904
v 0.122343 -0.028338 -0.051938
v 0.115487 -0.027152 -0.065914
v 0.126562 -0.029789 -0.036908
v 0.127089 -0.018318 -0.043237
v 0.121816 -0.017527 -0.056685
v 0.114432 -0.017131 -0.070133
v 0.120233 -0.007968 -0.062486
v 0.112323 -0.008100 -0.075407
v 0.116014 0.000783 -0.069605
v 0.107576 0.000272 -0.082262
v 0.122343 0.000981 -0.056421
v 0.125507 -0.008331 -0.049829
v 0.130254 -0.008759 -0.036117
v 0.128144 0.001294 -0.042709
v 0.132890 0.001129 -0.028734
v 0.133418 -0.009221 -0.021614
v 0.135000 0.001310 -0.013176
v 0.130254 -0.019768 -0.029393
v 0.129726 -0.030580 -0.021614
v 0.132890 -0.019900 -0.016670
v 0.135000 -0.009089 -0.005826
v 0.135000 0.000915 0.004837
v 0.134473 -0.009023 0.011990
v 0.133945 0.001178 0.020296
v 0.132890 -0.008891 0.027152
v 0.130781 0.001261 0.034535
v 0.128144 -0.008397 0.040863
v 0.126035 0.001096 0.048247
v 0.128671 -0.018977 0.034799
v 0.132363 -0.020032 0.020428
v 0.133418 -0.020164 0.006221
v 0.133418 -0.019900 -0.004211
v 0.131308 -0.030711 -0.006254
v 0.130781 -0.030448 0.011924
v 0.128671 -0.030184 0.027943
v 0.124980 -0.028734 0.041654
v 0.127617 -0.041127 0.017791
v 0.128671 -0.041127 0.002250
v 0.128144 -0.041391 -0.014033
vt 0.024231 0.047410
vt 0.024872 0.049393
vt 0.025330 0.048295
vt 0.026368 0.049241
vt 0.024918 0.047089
vt 0.027192 0.047929
vt 0.025650 0.046128
vt 0.028443 0.046647
vt 0.026734 0.045045
vt 0.024765 0.045411
vt 0.024338 0.046448
vt 0.022980 0.047013
vt 0.023362 0.045579
vt 0.024659 0.043977
vt 0.027939 0.043641
vt 0.026429 0.041855
vt 0.029038 0.042008
vt 0.026520 0.038804
vt 0.028351 0.039643
vt 0.029038 0.037018
vt 0.026780 0.037003
vt 0.025269 0.038224
vt 0.025162 0.036728
vt 0.026276 0.035813
vt 0.023774 0.037613
vt 0.023774 0.036057
vt 0.025086 0.035019
vt 0.021317 0.036957
vt 0.021866 0.035462
vt 0.020142 0.034882
vt 0.018479 0.036896
vt 0.018143 0.038392
vt 0.016526 0.038041
vt 0.016693 0.036652
vt 0.016983 0.035233
vt 0.016266 0.039399
vt 0.017792 0.040040
vt 0.019745 0.038941
vt 0.022080 0.038773
vt 0.023850 0.039094
vt 0.025132 0.040085
vt 0.024338 0.041855
vt 0.023880 0.040497
vt 0.022080 0.040421
vt 0.020554 0.040146
vt 0.018982 0.041123
vt 0.017350 0.041917
vt 0.018830 0.042634
vt 0.017273 0.043320
vt 0.018799 0.043870
vt 0.020462 0.043198
vt 0.020188 0.044709
vt 0.017685 0.044663
vt 0.018830 0.046510
vt 0.021576 0.046036
vt 0.019730 0.048661
vt 0.021683 0.048066
vt 0.020661 0.050904
vt 0.022217 0.050431
vt 0.021653 0.052583
vt 0.020050 0.053040
vt 0.023224 0.052033
vt 0.022782 0.053254
vt 0.021210 0.053773
vt 0.022171 0.054551
vt 0.023514 0.054139
vt 0.023178 0.055192
vt 0.021775 0.055726
vt 0.024567 0.054658
vt 0.024506 0.053605
vt 0.025910 0.053895
vt 0.026062 0.052430
vt 0.024323 0.052659
vt 0.024796 0.051514
vt 0.026322 0.051057
vt 0.023865 0.049760
vt 0.023133 0.047837
vt 0.021775 0.044205
vt 0.022202 0.042832
vt 0.022751 0.041779
vt 0.020554 0.041718
vt 0.059342 0.043946
vt 0.057511 0.044862
vt 0.058915 0.044968
vt 0.058259 0.043442
vt 0.056092 0.044709
vt 0.057053 0.043580
vt 0.055497 0.043702
vt 0.053971 0.044541
vt 0.056992 0.042512
vt 0.058808 0.042252
vt 0.059937 0.042969
vt 0.061006 0.043839
vt 0.060472 0.044800
vt 0.062135 0.044755
vt 0.061463 0.046632
vt 0.059754 0.046754
vt 0.057862 0.046815
vt 0.056168 0.046555
vt 0.054704 0.045457
vt 0.052674 0.045274
vt 0.053239 0.046281
vt 0.055024 0.047517
vt 0.054231 0.048432
vt 0.051637 0.046769
vt 0.052033 0.048692
vt 0.054200 0.050614
vt 0.055726 0.050385
vt 0.056260 0.049287
vt 0.056291 0.047929
vt 0.057053 0.049042
vt 0.057176 0.049897
vt 0.057343 0.051148
vt 0.058350 0.050278
vt 0.058335 0.049195
vt 0.059907 0.049073
vt 0.059678 0.051041
vt 0.061860 0.048981
vt 0.062486 0.051331
vt 0.043885 0.046494
vt 0.044968 0.047333
vt 0.044968 0.045960
vt 0.043854 0.047944
vt 0.044953 0.048707
vt 0.043870 0.049531
vt 0.042649 0.048814
vt 0.042725 0.047349
vt 0.042710 0.045914
vt 0.044007 0.045289
vt 0.044968 0.044541
vt 0.043977 0.043748
vt 0.044968 0.043366
vt 0.043076 0.044541
vt 0.042741 0.043244
vt 0.041794 0.044968
vt 0.041230 0.043992
vt 0.041688 0.046464
vt 0.040711 0.045518
vt 0.039948 0.044648
vt 0.040604 0.043183
vt 0.038849 0.046174
vt 0.038499 0.044846
vt 0.038682 0.043336
vt 0.036362 0.045609
vt 0.036225 0.043717
vt 0.033890 0.044495
vt 0.034318 0.047211
vt 0.036454 0.047349
vt 0.036225 0.049653
vt 0.038666 0.047456
vt 0.038804 0.048859
vt 0.038773 0.050477
vt 0.036378 0.051728
vt 0.038773 0.052003
vt 0.036454 0.053651
vt 0.038834 0.053681
vt 0.040726 0.052415
vt 0.040696 0.051026
vt 0.040436 0.049638
vt 0.041001 0.048600
vt 0.041627 0.049729
vt 0.041703 0.051179
vt 0.041794 0.052628
vt 0.040818 0.054047
vt 0.038895 0.055467
vt 0.041077 0.055573
vt 0.039353 0.056947
vt 0.041825 0.054215
vt 0.042802 0.053361
vt 0.042863 0.051881
vt 0.042969 0.050431
vt 0.041764 0.047822
vt 0.040513 0.047318
vt 0.043915 0.051102
vt 0.044938 0.050141
vt 0.043854 0.052628
vt 0.044862 0.051621
vt 0.043702 0.054032
vt 0.044816 0.053071
vt 0.042557 0.055085
vt 0.041398 0.056870
vt 0.040833 0.058244
vt 0.042176 0.057939
vt 0.042039 0.059373
vt 0.042481 0.056321
vt 0.043626 0.055436
vt 0.044709 0.054597
vt 0.043320 0.056916
vt 0.043290 0.058839
vt 0.043244 0.060334
vt 0.029465 0.052888
vt 0.031983 0.051392
vt 0.029236 0.050340
vt 0.027588 0.051499
vt 0.027131 0.048875
vt 0.028748 0.047974
vt 0.031037 0.049226
vt 0.030335 0.047181
vt 0.028916 0.045411
vt 0.029999 0.044526
vt 0.031708 0.046403
vt 0.031861 0.044099
vt 0.030503 0.043305
vt 0.031937 0.042557
vt 0.030701 0.041947
vt 0.033402 0.045914
vt 0.032837 0.048539
vt 0.034684 0.048020
vt 0.034592 0.050446
vt 0.034699 0.052415
vt 0.032715 0.053239
vt 0.030655 0.054307
vt 0.027253 0.054459
vt 0.026108 0.052735
vt 0.029084 0.055604
vt 0.026078 0.055894
vt 0.025391 0.054673
vt 0.027924 0.056916
vt 0.026200 0.057374
vt 0.029709 0.057099
vt 0.030762 0.055787
vt 0.031983 0.054887
vt 0.033585 0.054658
vt 0.034730 0.053574
vt 0.036286 0.053178
vt 0.035294 0.054749
vt 0.034440 0.056382
vt 0.036011 0.056031
vt 0.032715 0.056062
vt 0.031601 0.056931
vt 0.033371 0.057771
vt 0.035264 0.057954
vt 0.037156 0.057893
vt 0.035966 0.059464
vt 0.034150 0.059846
vt 0.035462 0.061250
vt 0.037034 0.060609
vt 0.037156 0.062196
vt 0.033936 0.061830
vt 0.032364 0.060670
vt 0.032151 0.062486
vt 0.030777 0.061402
vt 0.029801 0.059968
vt 0.028809 0.061677
vt 0.028016 0.060349
vt 0.027085 0.061433
vt 0.027039 0.059007
vt 0.024949 0.060685
vt 0.025071 0.058274
vt 0.028672 0.058640
vt 0.030426 0.058320
vt 0.032136 0.058732
vt 0.044480 0.022629
vt 0.043427 0.023651
vt 0.044434 0.024430
vt 0.043336 0.021942
vt 0.042222 0.022553
vt 0.042420 0.023880
vt 0.043305 0.025269
vt 0.042176 0.024933
vt 0.041138 0.023621
vt 0.041138 0.025330
vt 0.042206 0.026368
vt 0.043320 0.026764
vt 0.044434 0.025864
vt 0.045472 0.025147
vt 0.045518 0.023606
vt 0.046616 0.024369
vt 0.046647 0.022858
vt 0.045533 0.021942
vt 0.046647 0.021332
vt 0.045502 0.020493
vt 0.046616 0.019821
vt 0.045472 0.019059
vt 0.044465 0.019883
vt 0.044450 0.021302
vt 0.043351 0.020539
vt 0.043473 0.019043
vt 0.042313 0.019654
vt 0.042237 0.021164
vt 0.041123 0.021927
vt 0.041169 0.020417
vt 0.041276 0.018799
vt 0.039292 0.020783
vt 0.039261 0.019181
vt 0.036759 0.019486
vt 0.036881 0.021637
vt 0.034333 0.020050
vt 0.034714 0.023301
vt 0.037018 0.023835
vt 0.036881 0.025818
vt 0.039277 0.024872
vt 0.039277 0.026902
vt 0.039216 0.022827
vt 0.041184 0.027070
vt 0.039261 0.028717
vt 0.041306 0.029252
vt 0.042329 0.027771
vt 0.043519 0.028183
vt 0.042542 0.029267
vt 0.042206 0.030686
vt 0.041108 0.030838
vt 0.043214 0.030686
vt 0.042496 0.032090
vt 0.044236 0.029435
vt 0.044327 0.030854
vt 0.043519 0.032242
vt 0.044907 0.032151
vt 0.045975 0.031205
vt 0.046006 0.032532
vt 0.044770 0.033921
vt 0.045212 0.029786
vt 0.046372 0.029984
vt 0.046342 0.028855
vt 0.045151 0.028443
vt 0.044434 0.027298
vt 0.045426 0.026627
vt 0.046632 0.025711
vt 0.046510 0.026856
vt 0.045792 0.027817
vt 0.051316 0.016770
vt 0.052415 0.017487
vt 0.052399 0.016037
vt 0.051301 0.018296
vt 0.052384 0.019028
vt 0.051301 0.020005
vt 0.052384 0.020783
vt 0.051209 0.021515
vt 0.052323 0.022293
vt 0.051194 0.022980
vt 0.052277 0.023728
vt 0.051164 0.024506
vt 0.049943 0.023835
vt 0.049973 0.022293
vt 0.050004 0.020752
vt 0.048814 0.021592
vt 0.048905 0.019898
vt 0.046571 0.019608
vt 0.050111 0.019120
vt 0.050126 0.017548
vt 0.048890 0.018631
vt 0.046601 0.017945
vt 0.048936 0.017014
vt 0.046601 0.016175
vt 0.044099 0.017533
vt 0.049012 0.015488
vt 0.046769 0.014420
vt 0.044099 0.015503
vt 0.049149 0.013809
vt 0.050202 0.014527
vt 0.050278 0.013092
vt 0.051316 0.013855
vt 0.051316 0.015366
vt 0.050141 0.016052
vt 0.052415 0.014588
vt 0.052415 0.013153
vt 0.051453 0.012543
vt 0.045319 0.012909
vt 0.045975 0.011841
vt 0.044511 0.011734
vt 0.045502 0.010758
vt 0.046754 0.010880
vt 0.043992 0.010620
vt 0.043061 0.011612
vt 0.042542 0.010529
vt 0.043854 0.012787
vt 0.044709 0.014115
vt 0.046082 0.014160
vt 0.043366 0.013916
vt 0.043519 0.016220
vt 0.042008 0.012711
vt 0.042008 0.013993
vt 0.041917 0.016037
vt 0.040650 0.013794
vt 0.040192 0.016007
vt 0.040391 0.012604
vt 0.041581 0.011505
vt 0.041062 0.010422
vt 0.039963 0.011414
vt 0.039551 0.010361
vt 0.040223 0.009354
vt 0.038682 0.011292
vt 0.037964 0.010315
vt 0.038483 0.009400
vt 0.037247 0.011307
vt 0.036408 0.010330
vt 0.036835 0.009400
vt 0.036027 0.011398
vt 0.034775 0.010361
vt 0.035264 0.009354
vt 0.038788 0.012375
vt 0.038972 0.013581
vt 0.038483 0.015976
vt 0.039628 0.018463
vt 0.037018 0.013611
vt 0.036896 0.015961
vt 0.037507 0.018433
vt 0.035599 0.018448
vt 0.035569 0.013687
vt 0.035355 0.015885
vt 0.035752 0.012543
vt 0.037232 0.012482
vt 0.034607 0.011444
vt 0.035172 0.007965
vt 0.034180 0.006897
vt 0.033585 0.008072
vt 0.034745 0.009125
vt 0.033234 0.009232
vt 0.034165 0.010193
vt 0.032746 0.010300
vt 0.031891 0.009323
vt 0.031159 0.010407
vt 0.030808 0.009445
vt 0.029572 0.010361
vt 0.029892 0.009339
vt 0.028504 0.009400
vt 0.027771 0.010422
vt 0.026413 0.009384
vt 0.025895 0.010376
vt 0.024979 0.009339
vt 0.024338 0.010269
vt 0.026062 0.008255
vt 0.024491 0.008087
vt 0.023621 0.009094
vt 0.025437 0.007141
vt 0.023880 0.006790
vt 0.025681 0.004562
vt 0.023774 0.004105
vt 0.025330 0.001923
vt 0.023621 0.001404
vt 0.026688 0.002396
vt 0.027192 0.001389
vt 0.027024 0.000015
vt 0.028473 0.002029
vt 0.028870 0.000504
vt 0.029633 0.001740
vt 0.030961 0.000198
vt 0.031235 0.002426
vt 0.033204 0.002274
vt 0.033371 0.000000
vt 0.035218 0.001816
vt 0.032959 0.004791
vt 0.034546 0.004547
vt 0.032700 0.007034
vt 0.031418 0.004944
vt 0.029740 0.002670
vt 0.028519 0.003174
vt 0.027787 0.002869
vt 0.026749 0.005051
vt 0.026963 0.007294
vt 0.027634 0.008362
vt 0.029129 0.008362
vt 0.030716 0.008362
vt 0.032136 0.008164
vt 0.031205 0.007202
vt 0.029908 0.007370
vt 0.028351 0.007050
vt 0.028077 0.005676
vt 0.027909 0.004440
vt 0.029633 0.005142
vt 0.015640 0.043824
vt 0.016922 0.043656
vt 0.016327 0.042481
vt 0.015229 0.042664
vt 0.015869 0.041337
vt 0.016159 0.044968
vt 0.017441 0.044739
vt 0.016648 0.046082
vt 0.015335 0.046174
vt 0.014908 0.044999
vt 0.014191 0.043839
vt 0.014206 0.046220
vt 0.014588 0.047471
vt 0.013046 0.047822
vt 0.013733 0.048859
vt 0.012436 0.049302
vt 0.013489 0.050111
vt 0.012146 0.050706
vt 0.014923 0.049210
vt 0.015778 0.047456
vt 0.018051 0.047608
vt 0.018799 0.046571
vt 0.016922 0.048646
vt 0.019730 0.049073
vt 0.018311 0.049012
vt 0.019287 0.049790
vt 0.016968 0.050202
vt 0.019257 0.050980
vt 0.014755 0.050935
vt 0.013489 0.051728
vt 0.012406 0.052369
vt 0.011490 0.051942
vt 0.011231 0.053254
vt 0.012100 0.054124
vt 0.010956 0.054551
vt 0.012100 0.055787
vt 0.010880 0.055833
vt 0.010727 0.056992
vt 0.009613 0.056886
vt 0.010575 0.058015
vt 0.011826 0.057206
vt 0.013092 0.056336
vt 0.013230 0.054963
vt 0.013397 0.053422
vt 0.014542 0.052689
vt 0.014328 0.054154
vt 0.014145 0.055634
vt 0.014099 0.057420
vt 0.012802 0.057603
vt 0.011765 0.058610
vt 0.010437 0.059220
vt 0.009415 0.058366
vt 0.011261 0.060044
vt 0.010224 0.060639
vt 0.009308 0.059678
vt 0.011337 0.061540
vt 0.012558 0.060746
vt 0.012619 0.059541
vt 0.013367 0.058534
vt 0.015549 0.059022
vt 0.013642 0.059861
vt 0.014374 0.061418
vt 0.013397 0.062455
vt 0.016297 0.060548
vt 0.016464 0.062104
vt 0.018830 0.061448
vt 0.018708 0.059480
vt 0.021118 0.060472
vt 0.020569 0.057755
vt 0.018418 0.057740
vt 0.015885 0.057771
vt 0.015900 0.056443
vt 0.018631 0.056046
vt 0.021118 0.055039
vt 0.018845 0.054139
vt 0.016220 0.055085
vt 0.016342 0.053559
vt 0.019104 0.052338
vt 0.016632 0.051957
vt 0.051820 0.012619
vt 0.052918 0.013275
vt 0.052964 0.011734
vt 0.053742 0.012436
vt 0.054063 0.013764
vt 0.053300 0.014710
vt 0.054871 0.012665
vt 0.055299 0.014084
vt 0.054459 0.015137
vt 0.056107 0.012848
vt 0.056626 0.014359
vt 0.057404 0.013077
vt 0.056809 0.011475
vt 0.059632 0.012390
vt 0.060151 0.013718
vt 0.059068 0.010758
vt 0.061555 0.010147
vt 0.060883 0.008438
vt 0.058457 0.008896
vt 0.060288 0.007294
vt 0.061189 0.006729
vt 0.060014 0.006577
vt 0.060197 0.005280
vt 0.057633 0.005661
vt 0.057481 0.003906
vt 0.060105 0.003784
vt 0.061753 0.004364
vt 0.055131 0.004822
vt 0.055467 0.006775
vt 0.057404 0.007233
vt 0.058808 0.007172
vt 0.055863 0.008362
vt 0.056214 0.009857
vt 0.055619 0.011444
vt 0.054322 0.011124
vt 0.052857 0.010086
vt 0.051637 0.011215
vt 0.051408 0.009827
vt 0.052583 0.008316
vt 0.051362 0.007858
vt 0.052186 0.006760
vt 0.050950 0.006287
vt 0.051743 0.005295
vt 0.050370 0.004959
vt 0.051347 0.004028
vt 0.052598 0.004486
vt 0.052979 0.005768
vt 0.053925 0.005158
vt 0.053696 0.003784
vt 0.054322 0.006470
vt 0.053376 0.007050
vt 0.053635 0.008179
vt 0.053925 0.009689
vt 0.055161 0.010376
vt 0.054994 0.009232
vt 0.054612 0.007782
vt 0.019364 0.026246
vt 0.017395 0.025895
vt 0.018128 0.027405
vt 0.016541 0.027390
vt 0.016495 0.029297
vt 0.018479 0.028794
vt 0.019974 0.027695
vt 0.020188 0.029404
vt 0.018280 0.030838
vt 0.015778 0.030915
vt 0.017090 0.031800
vt 0.020859 0.031250
vt 0.021668 0.028092
vt 0.021942 0.029694
vt 0.023163 0.028641
vt 0.023163 0.026749
vt 0.024567 0.028061
vt 0.021180 0.026627
vt 0.020401 0.025330
vt 0.021744 0.025116
vt 0.019745 0.023804
vt 0.018631 0.024826
vt 0.016709 0.024659
vt 0.015595 0.026047
vt 0.015000 0.027680
vt 0.014099 0.026505
vt 0.014954 0.024826
vt 0.015747 0.023346
vt 0.013336 0.024109
vt 0.013260 0.022049
vt 0.016129 0.021363
vt 0.013550 0.019699
vt 0.017624 0.023270
vt 0.018357 0.021302
vt 0.017166 0.020066
vt 0.020371 0.021958
vt 0.019577 0.020554
vt 0.021439 0.020188
vt 0.023331 0.021225
vt 0.022721 0.023392
vt 0.025162 0.022492
vt 0.025544 0.019699
vt 0.024933 0.025254
vt 0.026780 0.023468
vt 0.027192 0.020890
vt 0.028428 0.021866
vt 0.029480 0.023133
vt 0.031022 0.021317
vt 0.027832 0.025193
vt 0.030533 0.024369
vt 0.029206 0.026658
vt 0.031876 0.022431
vt 0.032807 0.023392
vt 0.026719 0.027481
vt 0.048859 0.033463
vt 0.047990 0.031540
vt 0.047211 0.032883
vt 0.046189 0.032639
vt 0.047837 0.034424
vt 0.049912 0.032151
vt 0.050813 0.033997
vt 0.052232 0.032731
vt 0.052522 0.034577
vt 0.053803 0.033356
vt 0.053132 0.031327
vt 0.051377 0.031159
vt 0.049714 0.030686
vt 0.048188 0.029587
vt 0.046723 0.030579
vt 0.050492 0.029480
vt 0.052125 0.029755
vt 0.053895 0.029999
vt 0.054856 0.031922
vt 0.055177 0.033860
vt 0.054780 0.034668
vt 0.056352 0.032441
vt 0.056168 0.034745
vt 0.058289 0.034104
vt 0.058244 0.031617
vt 0.057755 0.029618
vt 0.055680 0.029877
vt 0.054444 0.028275
vt 0.052766 0.028351
vt 0.051102 0.028336
vt 0.049393 0.028428
vt 0.047776 0.028092
vt 0.046525 0.028656
vt 0.048371 0.027115
vt 0.046906 0.026795
vt 0.050004 0.027268
vt 0.049226 0.026032
vt 0.047501 0.026093
vt 0.051621 0.026856
vt 0.050278 0.024857
vt 0.054246 0.026032
vt 0.052461 0.024872
vt 0.056580 0.027970
vt 0.058289 0.028214
vt 0.056199 0.024750
vt 0.057786 0.026291
vt 0.055665 0.023789
vt 0.053269 0.042420
vt 0.053788 0.043595
vt 0.055116 0.042039
vt 0.052323 0.044358
vt 0.056733 0.041566
vt 0.056382 0.040604
vt 0.058228 0.041306
vt 0.058015 0.040299
vt 0.059709 0.041108
vt 0.060441 0.041886
vt 0.061357 0.040833
vt 0.062074 0.041657
vt 0.061433 0.042771
vt 0.062486 0.043778
vt 0.008881 0.050431
vt 0.011780 0.049714
vt 0.010010 0.048066
vt 0.010788 0.051286
vt 0.009018 0.051942
vt 0.010040 0.052461
vt 0.008728 0.052979
vt 0.009461 0.053544
vt 0.008743 0.053971
vt 0.009979 0.054658
vt 0.007492 0.053666
vt 0.007767 0.054505
vt 0.009476 0.056046
vt 0.008225 0.056611
vt 0.006409 0.054948
vt 0.006424 0.057435
vt 0.008179 0.058808
vt 0.009705 0.058198
vt 0.006577 0.059419
vt 0.007889 0.059983
vt 0.006256 0.060624
vt 0.007568 0.061265
vt 0.006226 0.061875
vt 0.007309 0.062455
vt 0.005127 0.059907
vt 0.004837 0.058076
vt 0.004578 0.055634
vt 0.005905 0.052888
vt 0.003052 0.053696
vt 0.003891 0.051957
vt 0.001053 0.052140
vt 0.002670 0.051194
vt 0.004913 0.050797
vt 0.002762 0.050324
vt 0.001160 0.050675
vt 0.003403 0.049302
vt 0.001328 0.049363
vt 0.002564 0.048157
vt 0.004150 0.047089
vt 0.001816 0.046555
vt 0.000443 0.047898
vt 0.003662 0.045350
vt 0.001907 0.044953
vt 0.000015 0.046082
vt 0.003449 0.043702
vt 0.002197 0.043473
vt 0.000305 0.044511
vt 0.000702 0.042893
vt 0.002716 0.041901
vt 0.000977 0.041505
vt 0.004639 0.041886
vt 0.005158 0.043839
vt 0.006424 0.042756
vt 0.006058 0.041001
vt 0.006699 0.044251
vt 0.005447 0.045411
vt 0.005890 0.047074
vt 0.007019 0.045701
vt 0.007294 0.047150
vt 0.006439 0.048539
vt 0.005005 0.048829
vt 0.007294 0.050553
vt 0.007980 0.048524
vt 0.008438 0.046540
vt 0.008179 0.044678
vt 0.007904 0.043183
vt 0.007721 0.041459
vt 0.008927 0.042161
vt 0.009552 0.043366
vt 0.010376 0.041505
vt 0.011780 0.042878
vt 0.009506 0.045060
vt 0.011490 0.045655
vt 0.007691 0.052216
vt 0.034760 0.044038
vt 0.033448 0.043458
vt 0.033326 0.044648
vt 0.031952 0.044099
vt 0.032380 0.041505
vt 0.034104 0.040757
vt 0.034897 0.042786
vt 0.035569 0.040116
vt 0.034440 0.038239
vt 0.037003 0.039307
vt 0.035996 0.037171
vt 0.033204 0.036347
vt 0.032486 0.039033
vt 0.030549 0.039704
vt 0.031037 0.042039
vt 0.031785 0.036805
vt 0.028946 0.037842
vt 0.029557 0.035843
vt 0.031708 0.034745
vt 0.029633 0.034516
vt 0.028290 0.035126
vt 0.030961 0.033280
vt 0.029160 0.033265
vt 0.027726 0.033646
vt 0.029633 0.031769
vt 0.027939 0.031907
vt 0.028656 0.030198
vt 0.026490 0.030320
vt 0.027527 0.029129
vt 0.029236 0.028351
vt 0.027161 0.027619
vt 0.028763 0.026673
vt 0.031464 0.027543
vt 0.031327 0.029374
vt 0.030564 0.030625
vt 0.031815 0.031891
vt 0.032868 0.030869
vt 0.033814 0.029404
vt 0.034699 0.027756
vt 0.032975 0.026520
vt 0.031510 0.025620
vt 0.035660 0.026139
vt 0.036210 0.027481
vt 0.037140 0.026352
vt 0.035630 0.029191
vt 0.034760 0.030716
vt 0.033707 0.032029
vt 0.032517 0.032990
vt 0.033585 0.033707
vt 0.035370 0.032242
vt 0.036576 0.030884
vt 0.037140 0.028885
vt 0.039155 0.027039
vt 0.038834 0.029267
vt 0.038621 0.031189
vt 0.037751 0.032486
vt 0.039155 0.032868
vt 0.036851 0.033448
vt 0.038636 0.034775
vt 0.037385 0.035935
vt 0.035035 0.035019
vt 0.038605 0.038041
vt 0.028061 0.013016
vt 0.026780 0.011902
vt 0.026093 0.012634
vt 0.024964 0.011978
vt 0.025711 0.011063
vt 0.027573 0.010849
vt 0.028885 0.011749
vt 0.029374 0.010651
vt 0.030274 0.011582
vt 0.030915 0.010575
vt 0.029541 0.012665
vt 0.030594 0.013031
vt 0.031525 0.011536
vt 0.032502 0.010437
vt 0.033097 0.011337
vt 0.033936 0.010346
vt 0.034440 0.011292
vt 0.033967 0.012482
vt 0.032349 0.012360
vt 0.031983 0.013260
vt 0.033356 0.013428
vt 0.034806 0.013886
vt 0.033845 0.014527
vt 0.032837 0.014298
vt 0.031205 0.014130
vt 0.029175 0.013901
vt 0.027359 0.014221
vt 0.026230 0.013443
vt 0.024506 0.012924
vt 0.024231 0.013947
vt 0.025666 0.014679
vt 0.023987 0.015045
vt 0.026047 0.016602
vt 0.024201 0.017075
vt 0.027070 0.016342
vt 0.028397 0.015564
vt 0.030030 0.016022
vt 0.032044 0.016114
vt 0.033783 0.016266
vt 0.035309 0.015274
vt 0.031769 0.018479
vt 0.033768 0.018647
vt 0.035325 0.016693
vt 0.031266 0.020615
vt 0.034104 0.020951
vt 0.030045 0.019455
vt 0.029129 0.020478
vt 0.027466 0.019455
vt 0.028885 0.018921
vt 0.030320 0.018357
vt 0.028870 0.018036
vt 0.028672 0.016861
vt 0.028229 0.016983
vt 0.027939 0.018341
vt 0.026795 0.018753
vt 0.026734 0.020951
vt 0.025376 0.019211
vt 0.022553 0.017594
vt 0.023331 0.019867
vt 0.023270 0.007706
vt 0.022324 0.008637
vt 0.023835 0.008591
vt 0.022950 0.009613
vt 0.021698 0.009674
vt 0.022675 0.010666
vt 0.024308 0.010742
vt 0.021210 0.010773
vt 0.022095 0.011765
vt 0.023499 0.011826
vt 0.022889 0.014084
vt 0.021271 0.014130
vt 0.021897 0.016556
vt 0.023896 0.016571
vt 0.019852 0.016312
vt 0.019776 0.014099
vt 0.020859 0.011856
vt 0.019669 0.010803
vt 0.019623 0.012085
vt 0.018265 0.011917
vt 0.018280 0.014313
vt 0.018036 0.016815
vt 0.016632 0.014466
vt 0.016083 0.017075
vt 0.016968 0.012070
vt 0.017853 0.010819
vt 0.018799 0.009689
vt 0.020310 0.009659
vt 0.020966 0.008637
vt 0.021790 0.007599
vt 0.019547 0.008606
vt 0.020539 0.007568
vt 0.017960 0.008682
vt 0.018204 0.007614
vt 0.016922 0.007736
vt 0.016388 0.008713
vt 0.015564 0.007736
vt 0.014984 0.008682
vt 0.014145 0.007843
vt 0.013489 0.008682
vt 0.012772 0.007568
vt 0.014115 0.009735
vt 0.012741 0.009720
vt 0.013321 0.010986
vt 0.014755 0.010925
vt 0.014038 0.012161
vt 0.012222 0.012116
vt 0.013443 0.014786
vt 0.015030 0.014618
vt 0.014176 0.017487
vt 0.016739 0.019089
vt 0.015549 0.012100
vt 0.016327 0.010880
vt 0.017182 0.009735
vt 0.015564 0.009705
vt 0.006531 0.009598
vt 0.008148 0.009751
vt 0.007324 0.008637
vt 0.007355 0.011322
vt 0.008820 0.012024
vt 0.009598 0.009903
vt 0.008743 0.008743
vt 0.010208 0.008957
vt 0.009369 0.007813
vt 0.007782 0.007645
vt 0.006043 0.007538
vt 0.005676 0.008560
vt 0.004990 0.009552
vt 0.005936 0.011749
vt 0.007004 0.012558
vt 0.007431 0.013962
vt 0.006592 0.014023
vt 0.005386 0.014221
vt 0.004807 0.011902
vt 0.003326 0.009613
vt 0.004059 0.008560
vt 0.004654 0.007462
vt 0.005478 0.006531
vt 0.007340 0.006561
vt 0.009125 0.006806
vt 0.010636 0.007904
vt 0.011612 0.009155
vt 0.011246 0.010254
vt 0.010559 0.012345
vt 0.008515 0.014481
vt 0.007187 0.014771
vt 0.005722 0.015091
vt 0.007050 0.016281
vt 0.008164 0.015396
vt 0.010071 0.014832
vt 0.012039 0.012772
vt 0.003906 0.014466
vt 0.004715 0.016419
vt 0.002106 0.014649
vt 0.002869 0.011963
vt 0.001099 0.012238
vt 0.001541 0.009796
vt 0.000076 0.009964
vt 0.000961 0.008743
vt 0.002518 0.008637
vt 0.003265 0.007538
vt 0.003998 0.006531
vt 0.004700 0.005661
vt 0.006302 0.005600
vt 0.008392 0.005570
vt 0.009964 0.005829
vt 0.010895 0.006897
vt 0.012039 0.008026
vt 0.001724 0.007614
vt 0.000137 0.007660
vt 0.000946 0.006561
vt 0.002472 0.006531
vt 0.003204 0.005692
vt 0.001694 0.005600
vt 0.000092 0.005570
vt 0.004150 0.020096
vt 0.004501 0.021317
vt 0.006302 0.020951
vt 0.005539 0.019348
vt 0.005035 0.022461
vt 0.002884 0.021134
vt 0.003479 0.022614
vt 0.004608 0.023728
vt 0.006867 0.022354
vt 0.006561 0.024994
vt 0.009201 0.023529
vt 0.009720 0.025116
vt 0.009659 0.022202
vt 0.011215 0.022614
vt 0.010895 0.024125
vt 0.010986 0.020951
vt 0.012558 0.021530
vt 0.012924 0.019669
vt 0.010697 0.018265
vt 0.013260 0.017792
vt 0.015717 0.018555
vt 0.008286 0.020615
vt 0.007126 0.019242
vt 0.008789 0.018875
vt 0.009003 0.016831
vt 0.007782 0.017655
vt 0.006149 0.017700
vt 0.007645 0.016220
vt 0.004028 0.018372
vt 0.002457 0.019471
vt 0.002152 0.017548
vt 0.004318 0.016815
vt 0.006149 0.016236
vt 0.000076 0.017746
vt 0.001236 0.016220
vt 0.000565 0.019059
vt 0.001282 0.020752
vt 0.001938 0.022553
vt 0.000229 0.022080
vt 0.000839 0.023545
vt 0.002716 0.024353
vt 0.000900 0.025101
vt 0.003632 0.026444
vt 0.000732 0.027298
vt 0.002731 0.029053
vt 0.004959 0.028702
vt 0.006424 0.027527
vt 0.008118 0.026535
vt 0.000000 0.031418
vt 0.000946 0.032471
vt 0.001617 0.031327
vt 0.002426 0.032349
vt 0.002213 0.034653
vt 0.000610 0.034730
vt 0.001923 0.037034
vt 0.003815 0.036927
vt 0.003754 0.034424
vt 0.004059 0.032212
vt 0.003082 0.031281
vt 0.002792 0.030182
vt 0.001755 0.030182
vt 0.000168 0.030335
vt 0.000961 0.029267
vt 0.002564 0.029160
vt 0.004028 0.029145
vt 0.004105 0.030137
vt 0.004440 0.031113
vt 0.005646 0.030076
vt 0.005509 0.029099
vt 0.006012 0.031037
vt 0.007156 0.029999
vt 0.007126 0.028901
vt 0.008652 0.029984
vt 0.007568 0.031006
vt 0.009064 0.031067
vt 0.009995 0.029908
vt 0.010544 0.031205
vt 0.011185 0.030213
vt 0.011963 0.031479
vt 0.012345 0.030289
vt 0.013245 0.031586
vt 0.013474 0.029938
vt 0.014527 0.031052
vt 0.014313 0.032288
vt 0.015732 0.031525
vt 0.015824 0.032700
vt 0.017075 0.031876
vt 0.017304 0.033173
vt 0.018555 0.032303
vt 0.019013 0.033402
vt 0.020066 0.032670
vt 0.020371 0.033860
vt 0.021530 0.033112
vt 0.019150 0.034455
vt 0.017807 0.034272
vt 0.016068 0.033906
vt 0.016037 0.036149
vt 0.013748 0.036500
vt 0.014496 0.033433
vt 0.012894 0.032914
vt 0.011200 0.032502
vt 0.009567 0.032212
vt 0.008057 0.032029
vt 0.006760 0.032013
vt 0.005554 0.032029
vt 0.005447 0.034272
vt 0.005295 0.036759
vt 0.005585 0.037751
vt 0.004318 0.038727
vt 0.001877 0.039170
vt 0.000000 0.037400
vt 0.005478 0.039521
vt 0.006867 0.038926
vt 0.006561 0.037293
vt 0.007843 0.037934
vt 0.006470 0.036378
vt 0.007263 0.036606
vt 0.008347 0.037095
vt 0.009857 0.037629
vt 0.008881 0.039399
vt 0.010681 0.035355
vt 0.012314 0.035904
vt 0.011673 0.038209
vt 0.009110 0.034424
vt 0.008255 0.034180
vt 0.006912 0.033677
vt 0.007065 0.034958
vt 0.047364 0.057679
vt 0.048035 0.056336
vt 0.046387 0.056382
vt 0.048997 0.057801
vt 0.049668 0.056580
vt 0.048875 0.055283
vt 0.047044 0.055131
vt 0.045441 0.055024
vt 0.044755 0.056291
vt 0.045640 0.057679
vt 0.043565 0.057893
vt 0.044800 0.059007
vt 0.046525 0.059388
vt 0.048280 0.059159
vt 0.047410 0.061418
vt 0.045609 0.060990
vt 0.044083 0.060243
vt 0.049012 0.060685
vt 0.049866 0.059312
vt 0.050462 0.061250
vt 0.049195 0.062470
vt 0.051637 0.059205
vt 0.051865 0.060410
vt 0.051743 0.061891
vt 0.053101 0.061158
vt 0.053712 0.058854
vt 0.055024 0.059754
vt 0.054719 0.062348
vt 0.055772 0.058289
vt 0.054734 0.057481
vt 0.052323 0.057725
vt 0.050629 0.057939
vt 0.051255 0.056443
vt 0.053361 0.056184
vt 0.055253 0.055879
vt 0.054627 0.054368
vt 0.053330 0.053101
vt 0.055772 0.052049
vt 0.054063 0.050645
vt 0.051713 0.051789
vt 0.051026 0.054261
vt 0.047623 0.053758
vt 0.048585 0.052354
vt 0.045563 0.051560
vt 0.045609 0.053742
vt 0.044312 0.053880
vt 0.047913 0.036088
vt 0.045991 0.035691
vt 0.045960 0.037659
vt 0.043595 0.036942
vt 0.043473 0.035157
vt 0.041077 0.036027
vt 0.041199 0.038544
vt 0.039017 0.037522
vt 0.043656 0.038804
vt 0.041260 0.039490
vt 0.038743 0.040024
vt 0.043458 0.040757
vt 0.040620 0.041932
vt 0.045884 0.039673
vt 0.045686 0.041764
vt 0.043000 0.042786
vt 0.045441 0.043320
vt 0.047593 0.042359
vt 0.047440 0.043885
vt 0.045274 0.044984
vt 0.047303 0.045563
vt 0.048539 0.044633
vt 0.048356 0.046128
vt 0.048661 0.043107
vt 0.049821 0.043793
vt 0.049653 0.045197
vt 0.049363 0.046662
vt 0.050599 0.045869
vt 0.050278 0.047303
vt 0.051453 0.046738
vt 0.051102 0.048188
vt 0.051682 0.045335
vt 0.050782 0.044541
vt 0.050919 0.043137
vt 0.051881 0.043900
vt 0.052003 0.042466
vt 0.050996 0.041688
vt 0.052201 0.040803
vt 0.049836 0.042405
vt 0.048783 0.041581
vt 0.049943 0.041138
vt 0.051148 0.040070
vt 0.052186 0.039048
vt 0.051164 0.038331
vt 0.052201 0.037507
vt 0.051164 0.036835
vt 0.052171 0.036042
vt 0.051148 0.035416
vt 0.052079 0.034623
vt 0.050080 0.036042
vt 0.050034 0.037507
vt 0.050019 0.038880
vt 0.050004 0.039902
vt 0.048859 0.040085
vt 0.048936 0.038315
vt 0.048936 0.036744
vt 0.049027 0.035355
vt 0.047807 0.037720
vt 0.047776 0.039231
vt 0.047669 0.040818
vn -0.661417 -0.488189 -0.566929
vn -0.692913 -0.385827 -0.614173
vn -0.622047 -0.440945 -0.645669
vn -0.629921 -0.338583 -0.692913
vn -0.582677 -0.456693 -0.677165
vn -0.559055 -0.401575 -0.732283
vn -0.511811 -0.496063 -0.700787
vn -0.456693 -0.417323 -0.787402
vn -0.409449 -0.543307 -0.732283
vn -0.472441 -0.606299 -0.637795
vn -0.574803 -0.582677 -0.574803
vn -0.622047 -0.614173 -0.488189
vn -0.527559 -0.677165 -0.511811
vn -0.385827 -0.700787 -0.598425
vn -0.299213 -0.590551 -0.748031
vn -0.188976 -0.716535 -0.669291
vn -0.133858 -0.622047 -0.771654
vn -0.023622 -0.755906 -0.653543
vn 0.023622 -0.700787 -0.708661
vn 0.196850 -0.708661 -0.677165
vn 0.133858 -0.787402 -0.598425
vn 0.000000 -0.842520 -0.543307
vn 0.086614 -0.881890 -0.464567
vn 0.236220 -0.826772 -0.503937
vn 0.000000 -0.913386 -0.401575
vn 0.094488 -0.929134 -0.362205
vn 0.228346 -0.889764 -0.393701
vn -0.007874 -0.960630 -0.275591
vn 0.125984 -0.960630 -0.251969
vn 0.118110 -0.984252 -0.125984
vn 0.000000 -0.992126 -0.102362
vn -0.125984 -0.984252 -0.125984
vn -0.094488 -0.992126 -0.015748
vn -0.023622 -1.000000 0.000000
vn 0.094488 -0.992126 0.000000
vn -0.228346 -0.976378 0.015748
vn -0.259843 -0.960630 -0.118110
vn -0.157480 -0.952756 -0.244094
vn -0.094488 -0.929134 -0.362205
vn -0.094488 -0.874016 -0.480315
vn -0.133858 -0.803150 -0.582677
vn -0.283465 -0.763780 -0.574803
vn -0.212598 -0.826772 -0.527559
vn -0.212598 -0.881890 -0.417323
vn -0.220472 -0.929134 -0.307087
vn -0.299213 -0.929134 -0.228346
vn -0.370079 -0.921260 -0.086614
vn -0.409449 -0.881890 -0.228346
vn -0.480315 -0.874016 -0.094488
vn -0.519685 -0.818898 -0.236220
vn -0.440945 -0.834646 -0.330709
vn -0.582677 -0.755906 -0.299213
vn -0.606299 -0.787402 -0.141732
vn -0.677165 -0.700787 -0.212598
vn -0.637795 -0.677165 -0.370079
vn -0.763780 -0.582677 -0.267717
vn -0.740157 -0.551181 -0.385827
vn -0.842520 -0.440945 -0.314961
vn -0.803150 -0.417323 -0.425197
vn -0.897638 -0.283465 -0.338583
vn -0.921260 -0.299213 -0.244094
vn -0.834646 -0.291339 -0.464567
vn -0.897638 -0.212598 -0.385827
vn -0.937008 -0.212598 -0.283465
vn -0.944882 -0.141732 -0.307087
vn -0.897638 -0.125984 -0.417323
vn -0.937008 -0.039370 -0.354331
vn -0.960630 -0.047244 -0.259843
vn -0.881890 -0.055118 -0.464567
vn -0.842520 -0.157480 -0.511811
vn -0.818898 -0.078740 -0.566929
vn -0.787402 -0.141732 -0.606299
vn -0.842520 -0.157480 -0.511811
vn -0.787402 -0.267717 -0.559055
vn -0.700787 -0.244094 -0.677165
vn -0.740157 -0.409449 -0.527559
vn -0.708661 -0.496063 -0.496063
vn -0.488189 -0.748031 -0.448819
vn -0.377953 -0.795276 -0.480315
vn -0.299213 -0.834646 -0.464567
vn -0.330709 -0.881890 -0.338583
vn -0.480315 -0.188976 0.858268
vn -0.606299 -0.236220 0.755906
vn -0.511811 -0.307087 0.803150
vn -0.559055 -0.141732 0.811024
vn -0.653543 -0.212598 0.724409
vn -0.598425 -0.173228 0.779528
vn -0.677165 -0.149606 0.716535
vn -0.755906 -0.157480 0.637795
vn -0.598425 -0.094488 0.795276
vn -0.511811 -0.102362 0.858268
vn -0.440945 -0.141732 0.889764
vn -0.338583 -0.236220 0.913386
vn -0.370079 -0.307087 0.881890
vn -0.267717 -0.314961 0.905512
vn -0.330709 -0.425197 0.842520
vn -0.440945 -0.433071 0.787402
vn -0.566929 -0.385827 0.724409
vn -0.645669 -0.338583 0.685039
vn -0.716535 -0.267717 0.637795
vn -0.826772 -0.196850 0.527559
vn -0.787402 -0.307087 0.543307
vn -0.700787 -0.370079 0.606299
vn -0.755906 -0.425197 0.503937
vn -0.858268 -0.299213 0.425197
vn -0.826772 -0.409449 0.385827
vn -0.716535 -0.543307 0.425197
vn -0.637795 -0.582677 0.503937
vn -0.661417 -0.488189 0.566929
vn -0.629921 -0.417323 0.653543
vn -0.606299 -0.440945 0.661417
vn -0.582677 -0.582677 0.559055
vn -0.551181 -0.677165 0.488189
vn -0.456693 -0.645669 0.606299
vn -0.496063 -0.496063 0.708661
vn -0.377953 -0.543307 0.748031
vn -0.338583 -0.669291 0.661417
vn -0.283465 -0.574803 0.763780
vn -0.188976 -0.708661 0.685039
vn 0.070866 -0.110236 -0.992126
vn 0.000000 0.023622 -1.000000
vn 0.133858 0.039370 -0.992126
vn -0.047244 -0.102362 -0.992126
vn -0.078740 0.007874 -1.000000
vn -0.157480 -0.094488 -0.984252
vn -0.102362 -0.181102 -0.976378
vn 0.015748 -0.188976 -0.984252
vn 0.133858 -0.181102 -0.976378
vn 0.212598 -0.086614 -0.976378
vn 0.267717 0.015748 -0.960630
vn 0.322835 -0.062992 -0.944882
vn 0.346457 0.000000 -0.937008
vn 0.236220 -0.157480 -0.960630
vn 0.322835 -0.157480 -0.937008
vn 0.204724 -0.228346 -0.952756
vn 0.259843 -0.251969 -0.929134
vn 0.094488 -0.236220 -0.968504
vn 0.141732 -0.322835 -0.937008
vn 0.220472 -0.338583 -0.913386
vn 0.330709 -0.330709 -0.889764
vn 0.102362 -0.425197 -0.897638
vn 0.204724 -0.496063 -0.842520
vn 0.314961 -0.456693 -0.834646
vn 0.157480 -0.590551 -0.787402
vn 0.283465 -0.590551 -0.755906
vn 0.196850 -0.708661 -0.677165
vn 0.023622 -0.700787 -0.708661
vn 0.023622 -0.551181 -0.834646
vn -0.133858 -0.622047 -0.771654
vn 0.023622 -0.440945 -0.897638
vn -0.086614 -0.433071 -0.897638
vn -0.204724 -0.440945 -0.874016
vn -0.299213 -0.590551 -0.748031
vn -0.338583 -0.433071 -0.834646
vn -0.409449 -0.543307 -0.732283
vn -0.456693 -0.417323 -0.787402
vn -0.377953 -0.307087 -0.874016
vn -0.251969 -0.299213 -0.921260
vn -0.165354 -0.314961 -0.937008
vn -0.086614 -0.291339 -0.952756
vn -0.173228 -0.220472 -0.960630
vn -0.283465 -0.212598 -0.937008
vn -0.385827 -0.212598 -0.897638
vn -0.480315 -0.307087 -0.818898
vn -0.559055 -0.401575 -0.732283
vn -0.582677 -0.267717 -0.763780
vn -0.629921 -0.338583 -0.692913
vn -0.496063 -0.196850 -0.850394
vn -0.440945 -0.141732 -0.889764
vn -0.330709 -0.141732 -0.929134
vn -0.220472 -0.157480 -0.960630
vn -0.031496 -0.212598 -0.976378
vn 0.031496 -0.330709 -0.944882
vn -0.283465 -0.086614 -0.952756
vn -0.204724 -0.007874 -0.976378
vn -0.385827 -0.062992 -0.921260
vn -0.330709 0.000000 -0.944882
vn -0.488189 -0.055118 -0.866142
vn -0.433071 0.000000 -0.905512
vn -0.559055 -0.141732 -0.811024
vn -0.637795 -0.212598 -0.740157
vn -0.700787 -0.244094 -0.677165
vn -0.700787 -0.133858 -0.700787
vn -0.787402 -0.141732 -0.606299
vn -0.614173 -0.141732 -0.771654
vn -0.574803 -0.070866 -0.818898
vn -0.511811 -0.007874 -0.858268
vn -0.653543 -0.078740 -0.748031
vn -0.740157 -0.078740 -0.669291
vn -0.818898 -0.078740 -0.566929
vn -0.692913 0.700787 0.173228
vn -0.724409 0.692913 -0.023622
vn -0.811024 0.574803 0.102362
vn -0.779528 0.559055 0.283465
vn -0.889764 0.417323 0.204724
vn -0.897638 0.425197 0.062992
vn -0.826772 0.559055 0.000000
vn -0.905512 0.417323 -0.039370
vn -0.952756 0.307087 0.000000
vn -0.952756 0.291339 -0.118110
vn -0.905512 0.393701 -0.173228
vn -0.929134 0.283465 -0.244094
vn -0.960630 0.181102 -0.204724
vn -0.929134 0.181102 -0.314961
vn -0.960630 0.094488 -0.259843
vn -0.866142 0.409449 -0.299213
vn -0.803150 0.574803 -0.141732
vn -0.755906 0.582677 -0.299213
vn -0.677165 0.700787 -0.212598
vn -0.606299 0.787402 -0.141732
vn -0.614173 0.787402 0.031496
vn -0.598425 0.771654 0.212598
vn -0.629921 0.692913 0.338583
vn -0.748031 0.543307 0.377953
vn -0.543307 0.763780 0.338583
vn -0.535433 0.700787 0.472441
vn -0.614173 0.614173 0.503937
vn -0.456693 0.771654 0.433071
vn -0.440945 0.732283 0.519685
vn -0.409449 0.850394 0.322835
vn -0.488189 0.850394 0.204724
vn -0.511811 0.850394 0.118110
vn -0.488189 0.874016 -0.007874
vn -0.503937 0.858268 -0.094488
vn -0.511811 0.834646 -0.204724
vn -0.448819 0.889764 -0.086614
vn -0.370079 0.929134 0.007874
vn -0.322835 0.944882 -0.094488
vn -0.425197 0.897638 0.102362
vn -0.385827 0.897638 0.196850
vn -0.314961 0.944882 0.110236
vn -0.259843 0.968504 0.000000
vn -0.196850 0.968504 -0.133858
vn -0.102362 0.992126 -0.015748
vn -0.173228 0.976378 0.133858
vn 0.007874 1.000000 0.070866
vn 0.015748 1.000000 -0.031496
vn 0.102362 0.992126 0.015748
vn 0.000000 0.976378 0.204724
vn -0.149606 0.952756 0.267717
vn 0.000000 0.944882 0.330709
vn -0.110236 0.921260 0.377953
vn -0.228346 0.897638 0.377953
vn -0.125984 0.874016 0.472441
vn -0.220472 0.842520 0.488189
vn -0.157480 0.787402 0.590551
vn -0.291339 0.779528 0.551181
vn -0.196850 0.708661 0.677165
vn -0.354331 0.677165 0.645669
vn -0.330709 0.834646 0.440945
vn -0.322835 0.889764 0.314961
vn -0.259843 0.937008 0.236220
vn -1.000000 -0.055118 -0.055118
vn -0.984252 -0.157480 0.007874
vn -0.992126 -0.070866 0.070866
vn -0.976378 -0.165354 -0.110236
vn -0.968504 -0.228346 -0.062992
vn -0.968504 -0.228346 0.062992
vn -0.968504 -0.173228 0.165354
vn -0.960630 -0.228346 0.133858
vn -0.944882 -0.322835 0.039370
vn -0.929134 -0.322835 0.165354
vn -0.944882 -0.212598 0.244094
vn -0.944882 -0.165354 0.275591
vn -0.968504 -0.102362 0.212598
vn -0.992126 0.039370 0.149606
vn -1.000000 0.023622 0.007874
vn -0.992126 0.125984 0.086614
vn -0.992126 0.110236 -0.039370
vn -0.992126 0.015748 -0.118110
vn -0.984252 0.094488 -0.165354
vn -0.976378 0.015748 -0.220472
vn -0.960630 0.094488 -0.259843
vn -0.952756 0.007874 -0.307087
vn -0.960630 -0.047244 -0.259843
vn -0.984252 -0.047244 -0.181102
vn -0.968504 -0.157480 -0.212598
vn -0.944882 -0.141732 -0.307087
vn -0.937008 -0.212598 -0.283465
vn -0.968504 -0.196850 -0.165354
vn -0.944882 -0.322835 -0.094488
vn -0.921260 -0.299213 -0.244094
vn -0.897638 -0.283465 -0.338583
vn -0.874016 -0.456693 -0.165354
vn -0.842520 -0.440945 -0.314961
vn -0.763780 -0.582677 -0.267717
vn -0.803150 -0.582677 -0.118110
vn -0.677165 -0.700787 -0.212598
vn -0.732283 -0.685039 0.007874
vn -0.834646 -0.551181 0.047244
vn -0.795276 -0.582677 0.157480
vn -0.881890 -0.448819 0.125984
vn -0.874016 -0.433071 0.228346
vn -0.889764 -0.448819 -0.023622
vn -0.905512 -0.299213 0.307087
vn -0.826772 -0.409449 0.385827
vn -0.858268 -0.299213 0.425197
vn -0.913386 -0.220472 0.338583
vn -0.921260 -0.133858 0.370079
vn -0.881890 -0.188976 0.425197
vn -0.826772 -0.196850 0.527559
vn -0.787402 -0.307087 0.543307
vn -0.842520 -0.141732 0.519685
vn -0.755906 -0.157480 0.637795
vn -0.889764 -0.102362 0.440945
vn -0.842520 -0.070866 0.535433
vn -0.763780 -0.110236 0.637795
vn -0.779528 -0.007874 0.622047
vn -0.826772 0.078740 0.551181
vn -0.763780 0.110236 0.637795
vn -0.692913 -0.023622 0.724409
vn -0.889764 0.023622 0.448819
vn -0.889764 0.110236 0.440945
vn -0.921260 0.102362 0.370079
vn -0.921260 0.000000 0.377953
vn -0.952756 -0.062992 0.299213
vn -0.960630 0.062992 0.259843
vn -0.968504 0.133858 0.196850
vn -0.944882 0.125984 0.291339
vn -0.937008 0.086614 0.330709
vn 0.952756 0.102362 -0.275591
vn 0.976378 0.007874 -0.220472
vn 0.937008 0.023622 -0.346457
vn 0.984252 0.118110 -0.133858
vn 1.000000 0.015748 -0.070866
vn 0.992126 0.094488 -0.015748
vn 1.000000 0.007874 0.031496
vn 0.992126 0.102362 0.070866
vn 0.992126 0.007874 0.133858
vn 0.968504 0.110236 0.228346
vn 0.960630 0.007874 0.283465
vn 0.937008 0.110236 0.322835
vn 0.944882 0.173228 0.275591
vn 0.968504 0.196850 0.165354
vn 0.984252 0.181102 0.039370
vn 0.944882 0.307087 0.086614
vn 0.952756 0.299213 0.000000
vn 0.921260 0.393701 -0.039370
vn 0.984252 0.165354 -0.078740
vn 0.960630 0.188976 -0.204724
vn 0.944882 0.307087 -0.141732
vn 0.889764 0.425197 -0.149606
vn 0.929134 0.307087 -0.220472
vn 0.866142 0.425197 -0.259843
vn 0.811024 0.566929 -0.157480
vn 0.897638 0.275591 -0.346457
vn 0.818898 0.409449 -0.393701
vn 0.763780 0.574803 -0.283465
vn 0.834646 0.275591 -0.472441
vn 0.897638 0.165354 -0.417323
vn 0.842520 0.165354 -0.519685
vn 0.897638 0.086614 -0.433071
vn 0.921260 0.086614 -0.385827
vn 0.929134 0.165354 -0.322835
vn 0.913386 0.031496 -0.401575
vn 0.866142 0.023622 -0.503937
vn 0.826772 0.094488 -0.559055
vn 0.236220 0.181102 -0.952756
vn 0.291339 0.086614 -0.952756
vn 0.188976 0.102362 -0.976378
vn 0.267717 0.015748 -0.960630
vn 0.346457 0.000000 -0.937008
vn 0.133858 0.039370 -0.992126
vn 0.062992 0.110236 -0.992126
vn 0.000000 0.023622 -1.000000
vn 0.133858 0.196850 -0.968504
vn 0.188976 0.291339 -0.937008
vn 0.267717 0.275591 -0.921260
vn 0.086614 0.291339 -0.952756
vn 0.110236 0.417323 -0.905512
vn 0.000000 0.204724 -0.976378
vn -0.007874 0.299213 -0.952756
vn -0.023622 0.385827 -0.921260
vn -0.110236 0.299213 -0.944882
vn -0.110236 0.417323 -0.905512
vn -0.125984 0.204724 -0.968504
vn -0.047244 0.102362 -0.992126
vn -0.078740 0.007874 -1.000000
vn -0.157480 0.110236 -0.984252
vn -0.204724 -0.007874 -0.976378
vn -0.157480 -0.094488 -0.984252
vn -0.283465 0.094488 -0.952756
vn -0.330709 0.000000 -0.944882
vn -0.283465 -0.086614 -0.952756
vn -0.346457 0.086614 -0.937008
vn -0.433071 0.000000 -0.905512
vn -0.385827 -0.062992 -0.921260
vn -0.425197 0.062992 -0.897638
vn -0.511811 -0.007874 -0.858268
vn -0.488189 -0.055118 -0.866142
vn -0.251969 0.188976 -0.952756
vn -0.212598 0.283465 -0.937008
vn -0.212598 0.417323 -0.881890
vn -0.133858 0.574803 -0.811024
vn -0.330709 0.275591 -0.905512
vn -0.354331 0.401575 -0.842520
vn -0.267717 0.582677 -0.763780
vn -0.409449 0.543307 -0.732283
vn -0.448819 0.283465 -0.850394
vn -0.472441 0.401575 -0.787402
vn -0.440945 0.188976 -0.881890
vn -0.346457 0.196850 -0.921260
vn -0.543307 0.078740 -0.834646
vn 0.236220 0.181102 -0.952756
vn 0.267717 0.275591 -0.921260
vn 0.322835 0.157480 -0.937008
vn 0.291339 0.086614 -0.952756
vn 0.377953 0.062992 -0.921260
vn 0.346457 0.000000 -0.937008
vn 0.401575 0.000000 -0.913386
vn 0.456693 0.078740 -0.881890
vn 0.480315 0.000000 -0.874016
vn 0.496063 0.078740 -0.866142
vn 0.582677 0.000000 -0.811024
vn 0.582677 0.133858 -0.803150
vn 0.669291 0.118110 -0.732283
vn 0.700787 0.000000 -0.716535
vn 0.748031 0.110236 -0.653543
vn 0.795276 0.000000 -0.606299
vn 0.826772 0.094488 -0.559055
vn 0.866142 0.023622 -0.503937
vn 0.779528 0.157480 -0.606299
vn 0.842520 0.165354 -0.519685
vn 0.897638 0.086614 -0.433071
vn 0.787402 0.267717 -0.559055
vn 0.834646 0.275591 -0.472441
vn 0.755906 0.409449 -0.511811
vn 0.818898 0.409449 -0.393701
vn 0.708661 0.559055 -0.425197
vn 0.763780 0.574803 -0.283465
vn 0.677165 0.511811 -0.527559
vn 0.606299 0.637795 -0.472441
vn 0.559055 0.708661 -0.425197
vn 0.543307 0.582677 -0.598425
vn 0.472441 0.700787 -0.535433
vn 0.456693 0.637795 -0.622047
vn 0.370079 0.677165 -0.637795
vn 0.401575 0.559055 -0.732283
vn 0.283465 0.574803 -0.763780
vn 0.196850 0.708661 -0.677165
vn 0.133858 0.574803 -0.811024
vn 0.338583 0.417323 -0.842520
vn 0.212598 0.417323 -0.881890
vn 0.393701 0.283465 -0.874016
vn 0.456693 0.401575 -0.795276
vn 0.496063 0.511811 -0.700787
vn 0.582677 0.472441 -0.661417
vn 0.661417 0.488189 -0.566929
vn 0.716535 0.370079 -0.598425
vn 0.716535 0.251969 -0.653543
vn 0.700787 0.157480 -0.700787
vn 0.614173 0.188976 -0.763780
vn 0.527559 0.157480 -0.834646
vn 0.440945 0.149606 -0.881890
vn 0.488189 0.275591 -0.826772
vn 0.566929 0.251969 -0.779528
vn 0.629921 0.267717 -0.732283
vn 0.637795 0.370079 -0.677165
vn 0.622047 0.440945 -0.645669
vn 0.551181 0.385827 -0.740157
vn 0.881890 -0.125984 0.448819
vn 0.897638 -0.188976 0.393701
vn 0.929134 -0.133858 0.346457
vn 0.913386 -0.078740 0.393701
vn 0.937008 -0.086614 0.330709
vn 0.842520 -0.165354 0.519685
vn 0.850394 -0.299213 0.433071
vn 0.763780 -0.267717 0.582677
vn 0.763780 -0.173228 0.622047
vn 0.818898 -0.102362 0.559055
vn 0.858268 -0.047244 0.511811
vn 0.740157 -0.094488 0.661417
vn 0.692913 -0.173228 0.700787
vn 0.661417 -0.094488 0.740157
vn 0.622047 -0.133858 0.771654
vn 0.574803 -0.070866 0.818898
vn 0.543307 -0.157480 0.826772
vn 0.464567 -0.086614 0.881890
vn 0.614173 -0.251969 0.748031
vn 0.692913 -0.267717 0.669291
vn 0.677165 -0.401575 0.614173
vn 0.763780 -0.425197 0.488189
vn 0.637795 -0.370079 0.677165
vn 0.637795 -0.503937 0.582677
vn 0.661417 -0.433071 0.614173
vn 0.598425 -0.472441 0.645669
vn 0.543307 -0.393701 0.740157
vn 0.480315 -0.511811 0.708661
vn 0.496063 -0.291339 0.818898
vn 0.409449 -0.188976 0.889764
vn 0.346457 -0.141732 0.929134
vn 0.377953 -0.062992 0.921260
vn 0.275591 -0.070866 0.960630
vn 0.244094 -0.157480 0.952756
vn 0.196850 -0.078740 0.976378
vn 0.118110 -0.181102 0.976378
vn 0.094488 -0.070866 0.992126
vn 0.015748 -0.094488 0.992126
vn -0.007874 0.000000 1.000000
vn -0.086614 -0.094488 0.992126
vn 0.000000 -0.196850 0.984252
vn 0.078740 -0.244094 0.968504
vn 0.196850 -0.228346 0.952756
vn 0.291339 -0.212598 0.929134
vn 0.370079 -0.307087 0.881890
vn 0.251969 -0.299213 0.921260
vn 0.141732 -0.291339 0.944882
vn 0.031496 -0.314961 0.944882
vn 0.007874 -0.220472 0.976378
vn -0.110236 -0.181102 0.976378
vn -0.141732 -0.094488 0.984252
vn -0.094488 0.007874 0.992126
vn -0.188976 -0.181102 0.968504
vn -0.267717 -0.078740 0.960630
vn -0.196850 0.007874 0.984252
vn -0.307087 -0.157480 0.937008
vn -0.236220 -0.244094 0.937008
vn -0.173228 -0.236220 0.952756
vn -0.102362 -0.275591 0.952756
vn -0.110236 -0.433071 0.897638
vn -0.204724 -0.307087 0.929134
vn -0.267717 -0.314961 0.905512
vn -0.338583 -0.236220 0.913386
vn -0.212598 -0.433071 0.874016
vn -0.330709 -0.425197 0.842520
vn -0.283465 -0.574803 0.763780
vn -0.141732 -0.590551 0.795276
vn -0.188976 -0.708661 0.685039
vn 0.000000 -0.700787 0.716535
vn 0.007874 -0.559055 0.826772
vn 0.007874 -0.448819 0.897638
vn 0.102362 -0.456693 0.881890
vn 0.141732 -0.590551 0.795276
vn 0.188976 -0.708661 0.685039
vn 0.283465 -0.574803 0.763780
vn 0.220472 -0.448819 0.866142
vn 0.330709 -0.440945 0.834646
vn 0.377953 -0.543307 0.748031
vn 0.433071 -0.433071 0.795276
vn 0.881890 -0.125984 0.448819
vn 0.913386 -0.078740 0.393701
vn 0.858268 -0.047244 0.511811
vn 0.897638 0.023622 0.440945
vn 0.937008 0.000000 0.354331
vn 0.937008 -0.086614 0.330709
vn 0.905512 0.086614 0.409449
vn 0.937008 0.110236 0.322835
vn 0.960630 0.007874 0.283465
vn 0.921260 0.173228 0.354331
vn 0.944882 0.173228 0.275591
vn 0.897638 0.299213 0.322835
vn 0.858268 0.299213 0.425197
vn 0.842520 0.417323 0.338583
vn 0.874016 0.417323 0.228346
vn 0.795276 0.401575 0.456693
vn 0.740157 0.551181 0.385827
vn 0.685039 0.511811 0.511811
vn 0.732283 0.401575 0.559055
vn 0.661417 0.472441 0.582677
vn 0.543307 0.614173 0.574803
vn 0.582677 0.472441 0.661417
vn 0.488189 0.527559 0.700787
vn 0.551181 0.385827 0.740157
vn 0.456693 0.401575 0.795276
vn 0.385827 0.566929 0.724409
vn 0.385827 0.677165 0.622047
vn 0.519685 0.275591 0.811024
vn 0.622047 0.251969 0.740157
vn 0.661417 0.370079 0.653543
vn 0.661417 0.440945 0.606299
vn 0.708661 0.267717 0.653543
vn 0.787402 0.283465 0.543307
vn 0.858268 0.149606 0.480315
vn 0.850394 0.078740 0.527559
vn 0.787402 -0.007874 0.614173
vn 0.818898 -0.102362 0.559055
vn 0.740157 -0.094488 0.661417
vn 0.700787 0.023622 0.708661
vn 0.661417 -0.094488 0.740157
vn 0.622047 0.007874 0.779528
vn 0.574803 -0.070866 0.818898
vn 0.519685 -0.023622 0.858268
vn 0.464567 -0.086614 0.881890
vn 0.425197 0.007874 0.905512
vn 0.448819 0.086614 0.889764
vn 0.590551 0.070866 0.803150
vn 0.519685 0.165354 0.842520
vn 0.417323 0.165354 0.897638
vn 0.622047 0.173228 0.763780
vn 0.669291 0.078740 0.740157
vn 0.685039 0.094488 0.724409
vn 0.779528 0.070866 0.629921
vn 0.826772 0.133858 0.543307
vn 0.748031 0.133858 0.653543
vn 0.677165 0.133858 0.724409
vn -0.212598 0.889764 -0.401575
vn -0.299213 0.905512 -0.307087
vn -0.212598 0.929134 -0.291339
vn -0.267717 0.937008 -0.228346
vn -0.196850 0.968504 -0.133858
vn -0.118110 0.960630 -0.259843
vn -0.125984 0.913386 -0.377953
vn 0.007874 0.944882 -0.322835
vn -0.007874 0.984252 -0.173228
vn -0.102362 0.992126 -0.015748
vn 0.015748 1.000000 -0.031496
vn 0.149606 0.952756 -0.267717
vn 0.007874 0.889764 -0.456693
vn 0.102362 0.913386 -0.385827
vn 0.094488 0.858268 -0.503937
vn -0.023622 0.795276 -0.606299
vn 0.133858 0.787402 -0.598425
vn -0.102362 0.866142 -0.496063
vn -0.236220 0.826772 -0.503937
vn -0.196850 0.771654 -0.606299
vn -0.354331 0.771654 -0.535433
vn -0.330709 0.834646 -0.440945
vn -0.433071 0.834646 -0.338583
vn -0.385827 0.897638 -0.196850
vn -0.322835 0.944882 -0.094488
vn -0.448819 0.889764 -0.086614
vn -0.511811 0.834646 -0.204724
vn -0.566929 0.763780 -0.307087
vn -0.606299 0.787402 -0.141732
vn -0.677165 0.700787 -0.212598
vn -0.606299 0.700787 -0.370079
vn -0.755906 0.582677 -0.299213
vn -0.464567 0.763780 -0.448819
vn -0.488189 0.700787 -0.527559
vn -0.622047 0.614173 -0.488189
vn -0.338583 0.692913 -0.629921
vn -0.472441 0.606299 -0.637795
vn -0.409449 0.543307 -0.732283
vn -0.267717 0.582677 -0.763780
vn -0.188976 0.708661 -0.685039
vn -0.133858 0.574803 -0.811024
vn -0.212598 0.417323 -0.881890
vn 0.000000 0.700787 -0.716535
vn -0.023622 0.543307 -0.842520
vn -0.110236 0.417323 -0.905512
vn -0.023622 0.385827 -0.921260
vn 0.110236 0.417323 -0.905512
vn 0.086614 0.291339 -0.952756
vn 0.133858 0.574803 -0.811024
vn 0.212598 0.417323 -0.881890
vn 0.283465 0.574803 -0.763780
vn 0.188976 0.291339 -0.937008
vn 0.267717 0.275591 -0.921260
vn 0.196850 0.708661 -0.677165
vn 0.118110 -0.984252 -0.125984
vn 0.244094 -0.968504 0.007874
vn 0.094488 -0.992126 0.000000
vn 0.141732 -0.976378 0.149606
vn 0.000000 -0.992126 -0.102362
vn 0.220472 -0.960630 -0.149606
vn 0.125984 -0.960630 -0.251969
vn 0.228346 -0.929134 -0.299213
vn 0.094488 -0.929134 -0.362205
vn 0.228346 -0.889764 -0.393701
vn 0.338583 -0.881890 -0.330709
vn 0.330709 -0.921260 -0.204724
vn 0.322835 -0.944882 -0.055118
vn 0.330709 -0.944882 0.039370
vn 0.236220 -0.960630 0.157480
vn 0.385827 -0.921260 -0.086614
vn 0.417323 -0.874016 -0.228346
vn 0.440945 -0.834646 -0.330709
vn 0.346457 -0.826772 -0.448819
vn 0.236220 -0.826772 -0.503937
vn 0.086614 -0.881890 -0.464567
vn 0.322835 -0.763780 -0.559055
vn 0.133858 -0.787402 -0.598425
vn 0.196850 -0.708661 -0.677165
vn 0.354331 -0.677165 -0.645669
vn 0.488189 -0.685039 -0.543307
vn 0.464567 -0.763780 -0.448819
vn 0.551181 -0.771654 -0.307087
vn 0.503937 -0.826772 -0.236220
vn 0.464567 -0.881890 -0.102362
vn 0.425197 -0.905512 0.007874
vn 0.393701 -0.913386 0.125984
vn 0.314961 -0.929134 0.181102
vn 0.480315 -0.874016 0.102362
vn 0.448819 -0.866142 0.228346
vn 0.503937 -0.866142 0.023622
vn 0.590551 -0.795276 0.118110
vn 0.535433 -0.818898 0.220472
vn 0.598425 -0.795276 -0.094488
vn 0.700787 -0.700787 0.110236
vn 0.685039 -0.692913 -0.228346
vn 0.740157 -0.669291 -0.078740
vn 0.622047 -0.677165 -0.385827
vn 0.559055 -0.614173 -0.559055
vn 0.763780 -0.582677 -0.267717
vn 0.740157 -0.551181 -0.385827
vn 0.818898 -0.566929 -0.118110
vn -0.779528 -0.007874 0.622047
vn -0.763780 -0.110236 0.637795
vn -0.692913 -0.023622 0.724409
vn -0.842520 -0.141732 0.519685
vn -0.598425 0.031496 0.803150
vn -0.590551 0.078740 0.803150
vn -0.535433 0.007874 0.842520
vn -0.535433 0.102362 0.834646
vn -0.417323 0.000000 0.905512
vn -0.370079 -0.086614 0.921260
vn -0.307087 0.007874 0.952756
vn -0.267717 -0.078740 0.960630
vn -0.307087 -0.157480 0.937008
vn -0.236220 -0.244094 0.937008
vn 0.338583 -0.669291 0.661417
vn 0.283465 -0.574803 0.763780
vn 0.188976 -0.708661 0.685039
vn 0.377953 -0.543307 0.748031
vn 0.472441 -0.622047 0.622047
vn 0.480315 -0.511811 0.708661
vn 0.559055 -0.598425 0.574803
vn 0.598425 -0.472441 0.645669
vn 0.637795 -0.503937 0.582677
vn 0.661417 -0.433071 0.614173
vn 0.614173 -0.614173 0.503937
vn 0.661417 -0.527559 0.527559
vn 0.677165 -0.401575 0.614173
vn 0.763780 -0.425197 0.488189
vn 0.716535 -0.559055 0.409449
vn 0.818898 -0.433071 0.370079
vn 0.850394 -0.299213 0.433071
vn 0.763780 -0.267717 0.582677
vn 0.881890 -0.291339 0.362205
vn 0.897638 -0.188976 0.393701
vn 0.929134 -0.181102 0.314961
vn 0.929134 -0.133858 0.346457
vn 0.944882 -0.149606 0.283465
vn 0.937008 -0.086614 0.330709
vn 0.921260 -0.299213 0.244094
vn 0.850394 -0.448819 0.275591
vn 0.748031 -0.590551 0.299213
vn 0.614173 -0.692913 0.385827
vn 0.677165 -0.700787 0.244094
vn 0.574803 -0.763780 0.283465
vn 0.590551 -0.795276 0.118110
vn 0.535433 -0.818898 0.220472
vn 0.464567 -0.795276 0.393701
vn 0.448819 -0.866142 0.228346
vn 0.480315 -0.874016 0.102362
vn 0.377953 -0.881890 0.291339
vn 0.393701 -0.913386 0.125984
vn 0.314961 -0.929134 0.181102
vn 0.251969 -0.921260 0.299213
vn 0.236220 -0.960630 0.157480
vn 0.330709 -0.944882 0.039370
vn 0.125984 -0.960630 0.244094
vn 0.141732 -0.976378 0.149606
vn 0.244094 -0.968504 0.007874
vn 0.000000 -0.968504 0.251969
vn 0.007874 -0.992126 0.118110
vn 0.094488 -0.992126 0.000000
vn -0.023622 -1.000000 0.000000
vn -0.133858 -0.984252 0.118110
vn -0.094488 -0.992126 -0.015748
vn -0.141732 -0.960630 0.251969
vn -0.023622 -0.952756 0.299213
vn -0.094488 -0.937008 0.330709
vn -0.188976 -0.929134 0.314961
vn 0.000000 -0.913386 0.401575
vn 0.094488 -0.929134 0.362205
vn 0.236220 -0.889764 0.393701
vn 0.102362 -0.881890 0.464567
vn 0.196850 -0.850394 0.496063
vn 0.330709 -0.834646 0.440945
vn 0.362205 -0.850394 0.377953
vn 0.433071 -0.763780 0.472441
vn 0.283465 -0.779528 0.559055
vn 0.118110 -0.803150 0.582677
vn 0.023622 -0.842520 0.543307
vn -0.102362 -0.881890 0.456693
vn -0.236220 -0.889764 0.393701
vn -0.220472 -0.834646 0.503937
vn -0.102362 -0.787402 0.598425
vn -0.283465 -0.763780 0.574803
vn -0.188976 -0.708661 0.685039
vn 0.000000 -0.771654 0.629921
vn 0.000000 -0.700787 0.716535
vn 0.543307 -0.685039 0.488189
vn 0.968504 0.196850 0.165354
vn 0.937008 0.291339 0.204724
vn 0.944882 0.173228 0.275591
vn 0.897638 0.299213 0.322835
vn 0.874016 0.417323 0.228346
vn 0.905512 0.425197 0.086614
vn 0.944882 0.307087 0.086614
vn 0.921260 0.393701 -0.039370
vn 0.842520 0.535433 -0.031496
vn 0.889764 0.425197 -0.149606
vn 0.811024 0.566929 -0.157480
vn 0.732283 0.677165 -0.047244
vn 0.818898 0.566929 0.118110
vn 0.779528 0.574803 0.236220
vn 0.842520 0.417323 0.338583
vn 0.692913 0.708661 0.149606
vn 0.645669 0.708661 0.283465
vn 0.614173 0.771654 0.173228
vn 0.606299 0.795276 0.000000
vn 0.511811 0.858268 0.102362
vn 0.496063 0.834646 0.236220
vn 0.488189 0.874016 -0.007874
vn 0.425197 0.905512 0.086614
vn 0.377953 0.905512 0.212598
vn 0.370079 0.929134 0.007874
vn 0.299213 0.944882 0.110236
vn 0.244094 0.968504 -0.031496
vn 0.157480 0.976378 0.125984
vn 0.102362 0.992126 0.015748
vn 0.149606 0.984252 -0.125984
vn 0.015748 1.000000 -0.031496
vn -0.007874 0.984252 -0.173228
vn 0.149606 0.952756 -0.267717
vn 0.267717 0.944882 -0.188976
vn 0.322835 0.937008 -0.110236
vn 0.440945 0.889764 -0.102362
vn 0.385827 0.897638 -0.212598
vn 0.299213 0.905512 -0.307087
vn 0.196850 0.897638 -0.401575
vn 0.102362 0.913386 -0.385827
vn 0.007874 0.944882 -0.322835
vn 0.094488 0.858268 -0.503937
vn 0.212598 0.826772 -0.527559
vn 0.133858 0.787402 -0.598425
vn 0.338583 0.842520 -0.417323
vn 0.417323 0.842520 -0.338583
vn 0.488189 0.850394 -0.204724
vn 0.496063 0.858268 -0.118110
vn 0.582677 0.795276 -0.173228
vn 0.527559 0.787402 -0.322835
vn 0.448819 0.771654 -0.448819
vn 0.322835 0.771654 -0.543307
vn 0.196850 0.708661 -0.677165
vn 0.370079 0.677165 -0.637795
vn 0.472441 0.700787 -0.535433
vn 0.559055 0.708661 -0.425197
vn 0.606299 0.637795 -0.472441
vn 0.637795 0.700787 -0.314961
vn 0.708661 0.559055 -0.425197
vn 0.763780 0.574803 -0.283465
vn 0.692913 0.692913 -0.188976
vn 0.866142 0.425197 -0.259843
vn 0.661417 -0.133858 -0.732283
vn 0.732283 -0.094488 -0.677165
vn 0.771654 -0.110236 -0.629921
vn 0.826772 -0.047244 -0.566929
vn 0.795276 0.000000 -0.606299
vn 0.700787 0.000000 -0.716535
vn 0.645669 -0.118110 -0.755906
vn 0.582677 0.000000 -0.811024
vn 0.551181 -0.102362 -0.826772
vn 0.480315 0.000000 -0.874016
vn 0.590551 -0.157480 -0.787402
vn 0.559055 -0.133858 -0.818898
vn 0.472441 -0.078740 -0.874016
vn 0.401575 0.000000 -0.913386
vn 0.370079 -0.055118 -0.929134
vn 0.346457 0.000000 -0.937008
vn 0.322835 -0.062992 -0.944882
vn 0.322835 -0.157480 -0.937008
vn 0.417323 -0.110236 -0.905512
vn 0.433071 -0.173228 -0.881890
vn 0.330709 -0.204724 -0.921260
vn 0.259843 -0.251969 -0.929134
vn 0.330709 -0.330709 -0.889764
vn 0.385827 -0.322835 -0.866142
vn 0.511811 -0.307087 -0.803150
vn 0.614173 -0.267717 -0.740157
vn 0.685039 -0.283465 -0.669291
vn 0.779528 -0.173228 -0.598425
vn 0.842520 -0.125984 -0.519685
vn 0.850394 -0.181102 -0.488189
vn 0.771654 -0.299213 -0.566929
vn 0.842520 -0.314961 -0.440945
vn 0.740157 -0.409449 -0.527559
vn 0.803150 -0.417323 -0.425197
vn 0.677165 -0.385827 -0.622047
vn 0.629921 -0.354331 -0.685039
vn 0.543307 -0.393701 -0.740157
vn 0.425197 -0.417323 -0.803150
vn 0.314961 -0.456693 -0.834646
vn 0.220472 -0.338583 -0.913386
vn 0.385827 -0.566929 -0.724409
vn 0.283465 -0.590551 -0.755906
vn 0.204724 -0.496063 -0.842520
vn 0.354331 -0.677165 -0.645669
vn 0.196850 -0.708661 -0.677165
vn 0.488189 -0.614173 -0.622047
vn 0.488189 -0.685039 -0.543307
vn 0.559055 -0.614173 -0.559055
vn 0.519685 -0.614173 -0.598425
vn 0.488189 -0.527559 -0.700787
vn 0.559055 -0.503937 -0.661417
vn 0.629921 -0.401575 -0.669291
vn 0.645669 -0.433071 -0.629921
vn 0.622047 -0.503937 -0.598425
vn 0.685039 -0.527559 -0.496063
vn 0.622047 -0.677165 -0.385827
vn 0.740157 -0.551181 -0.385827
vn 0.850394 -0.433071 -0.299213
vn 0.763780 -0.582677 -0.267717
vn -0.267717 -0.078740 0.960630
vn -0.196850 0.007874 0.984252
vn -0.307087 0.007874 0.952756
vn -0.259843 0.102362 0.960630
vn -0.141732 0.094488 0.984252
vn -0.228346 0.181102 0.960630
vn -0.322835 0.165354 0.929134
vn -0.118110 0.173228 0.976378
vn -0.204724 0.291339 0.937008
vn -0.251969 0.291339 0.921260
vn -0.228346 0.409449 0.881890
vn -0.110236 0.417323 0.905512
vn -0.133858 0.574803 0.811024
vn -0.283465 0.559055 0.779528
vn 0.007874 0.535433 0.842520
vn 0.023622 0.385827 0.921260
vn -0.070866 0.291339 0.952756
vn 0.000000 0.196850 0.984252
vn 0.023622 0.299213 0.952756
vn 0.086614 0.307087 0.944882
vn 0.102362 0.417323 0.905512
vn 0.133858 0.574803 0.811024
vn 0.204724 0.417323 0.889764
vn 0.251969 0.551181 0.795276
vn 0.181102 0.299213 0.937008
vn 0.118110 0.188976 0.976378
vn 0.055118 0.086614 0.992126
vn -0.062992 0.086614 0.992126
vn -0.094488 0.007874 0.992126
vn -0.141732 -0.094488 0.984252
vn -0.007874 0.000000 1.000000
vn -0.086614 -0.094488 0.992126
vn 0.133858 0.007874 0.992126
vn 0.094488 -0.070866 0.992126
vn 0.196850 -0.078740 0.976378
vn 0.228346 0.007874 0.976378
vn 0.275591 -0.070866 0.960630
vn 0.322835 0.023622 0.944882
vn 0.377953 -0.062992 0.921260
vn 0.425197 0.007874 0.905512
vn 0.464567 -0.086614 0.881890
vn 0.370079 0.102362 0.921260
vn 0.448819 0.086614 0.889764
vn 0.417323 0.165354 0.897638
vn 0.338583 0.173228 0.929134
vn 0.401575 0.283465 0.866142
vn 0.519685 0.275591 0.811024
vn 0.456693 0.401575 0.795276
vn 0.338583 0.417323 0.842520
vn 0.385827 0.566929 0.724409
vn 0.228346 0.692913 0.685039
vn 0.275591 0.275591 0.921260
vn 0.236220 0.181102 0.952756
vn 0.188976 0.086614 0.976378
vn 0.283465 0.094488 0.952756
vn -0.708661 0.267717 -0.653543
vn -0.637795 0.251969 -0.724409
vn -0.677165 0.149606 -0.716535
vn -0.645669 0.354331 -0.677165
vn -0.559055 0.401575 -0.732283
vn -0.543307 0.267717 -0.795276
vn -0.622047 0.133858 -0.771654
vn -0.551181 0.157480 -0.818898
vn -0.614173 0.094488 -0.787402
vn -0.653543 0.078740 -0.748031
vn -0.748031 0.070866 -0.661417
vn -0.779528 0.157480 -0.606299
vn -0.779528 0.283465 -0.559055
vn -0.700787 0.385827 -0.598425
vn -0.622047 0.440945 -0.645669
vn -0.582677 0.472441 -0.661417
vn -0.653543 0.503937 -0.566929
vn -0.685039 0.488189 -0.543307
vn -0.763780 0.409449 -0.503937
vn -0.834646 0.291339 -0.464567
vn -0.834646 0.157480 -0.527559
vn -0.818898 0.078740 -0.566929
vn -0.787402 0.000000 -0.622047
vn -0.700787 0.000000 -0.716535
vn -0.606299 0.023622 -0.795276
vn -0.543307 0.078740 -0.834646
vn -0.440945 0.188976 -0.881890
vn -0.448819 0.283465 -0.850394
vn -0.472441 0.401575 -0.787402
vn -0.496063 0.496063 -0.708661
vn -0.559055 0.582677 -0.582677
vn -0.622047 0.614173 -0.488189
vn -0.488189 0.700787 -0.527559
vn -0.472441 0.606299 -0.637795
vn -0.409449 0.543307 -0.732283
vn -0.354331 0.401575 -0.842520
vn -0.724409 0.535433 -0.440945
vn -0.606299 0.700787 -0.370079
vn -0.755906 0.582677 -0.299213
vn -0.818898 0.409449 -0.393701
vn -0.866142 0.409449 -0.299213
vn -0.889764 0.291339 -0.346457
vn -0.929134 0.283465 -0.244094
vn -0.929134 0.181102 -0.314961
vn -0.889764 0.188976 -0.409449
vn -0.881890 0.102362 -0.464567
vn -0.850394 0.007874 -0.527559
vn -0.818898 -0.078740 -0.566929
vn -0.740157 -0.078740 -0.669291
vn -0.653543 -0.078740 -0.748031
vn -0.574803 -0.070866 -0.818898
vn -0.511811 -0.007874 -0.858268
vn -0.425197 0.062992 -0.897638
vn -0.929134 0.094488 -0.346457
vn -0.960630 0.094488 -0.259843
vn -0.952756 0.007874 -0.307087
vn -0.905512 0.000000 -0.417323
vn -0.881890 -0.055118 -0.464567
vn -0.937008 -0.039370 -0.354331
vn -0.960630 -0.047244 -0.259843
vn 0.220472 0.913386 0.338583
vn 0.196850 0.897638 0.385827
vn 0.307087 0.858268 0.409449
vn 0.314961 0.897638 0.314961
vn 0.220472 0.842520 0.488189
vn 0.125984 0.913386 0.377953
vn 0.102362 0.874016 0.480315
vn 0.157480 0.779528 0.606299
vn 0.322835 0.755906 0.574803
vn 0.228346 0.692913 0.685039
vn 0.385827 0.677165 0.622047
vn 0.385827 0.566929 0.724409
vn 0.472441 0.700787 0.535433
vn 0.543307 0.614173 0.574803
vn 0.488189 0.527559 0.700787
vn 0.590551 0.669291 0.440945
vn 0.685039 0.511811 0.511811
vn 0.740157 0.551181 0.385827
vn 0.645669 0.708661 0.283465
vn 0.779528 0.574803 0.236220
vn 0.842520 0.417323 0.338583
vn 0.488189 0.763780 0.425197
vn 0.409449 0.850394 0.322835
vn 0.543307 0.787402 0.307087
vn 0.614173 0.771654 0.173228
vn 0.496063 0.834646 0.236220
vn 0.377953 0.905512 0.212598
vn 0.511811 0.858268 0.102362
vn 0.244094 0.937008 0.236220
vn 0.141732 0.952756 0.283465
vn 0.157480 0.976378 0.125984
vn 0.299213 0.944882 0.110236
vn 0.425197 0.905512 0.086614
vn 0.007874 1.000000 0.070866
vn 0.102362 0.992126 0.015748
vn 0.000000 0.976378 0.204724
vn 0.000000 0.944882 0.330709
vn -0.007874 0.897638 0.433071
vn -0.110236 0.921260 0.377953
vn -0.125984 0.874016 0.472441
vn -0.007874 0.818898 0.574803
vn -0.157480 0.787402 0.590551
vn 0.000000 0.700787 0.716535
vn -0.196850 0.708661 0.677165
vn -0.133858 0.574803 0.811024
vn 0.007874 0.535433 0.842520
vn 0.133858 0.574803 0.811024
vn 0.251969 0.551181 0.795276
vn -0.228346 0.181102 0.960630
vn -0.251969 0.291339 0.921260
vn -0.322835 0.165354 0.929134
vn -0.362205 0.275591 0.889764
vn -0.307087 0.409449 0.858268
vn -0.228346 0.409449 0.881890
vn -0.283465 0.559055 0.779528
vn -0.393701 0.543307 0.740157
vn -0.456693 0.417323 0.787402
vn -0.511811 0.251969 0.818898
vn -0.456693 0.149606 0.874016
vn -0.456693 0.118110 0.881890
vn -0.338583 0.070866 0.937008
vn -0.259843 0.102362 0.960630
vn -0.307087 0.007874 0.952756
vn -0.417323 0.000000 0.905512
vn -0.535433 0.007874 0.842520
vn -0.535433 0.102362 0.834646
vn -0.543307 0.157480 0.826772
vn -0.590551 0.078740 0.803150
vn -0.598425 0.031496 0.803150
vn -0.614173 0.141732 0.771654
vn -0.692913 0.110236 0.716535
vn -0.692913 -0.023622 0.724409
vn -0.763780 0.110236 0.637795
vn -0.716535 0.149606 0.677165
vn -0.771654 0.141732 0.614173
vn -0.826772 0.078740 0.551181
vn -0.842520 0.165354 0.519685
vn -0.889764 0.110236 0.440945
vn -0.897638 0.165354 0.401575
vn -0.921260 0.102362 0.370079
vn -0.937008 0.141732 0.322835
vn -0.937008 0.086614 0.330709
vn -0.944882 0.125984 0.291339
vn -0.944882 0.165354 0.275591
vn -0.968504 0.133858 0.196850
vn -0.976378 0.173228 0.157480
vn -0.992126 0.125984 0.086614
vn -0.976378 0.196850 0.031496
vn -0.992126 0.110236 -0.039370
vn -0.976378 0.196850 -0.086614
vn -0.984252 0.094488 -0.165354
vn -0.960630 0.181102 -0.204724
vn -0.960630 0.094488 -0.259843
vn -0.952756 0.291339 -0.118110
vn -0.952756 0.307087 0.000000
vn -0.944882 0.307087 0.094488
vn -0.897638 0.425197 0.062992
vn -0.889764 0.417323 0.204724
vn -0.929134 0.283465 0.244094
vn -0.897638 0.275591 0.346457
vn -0.834646 0.291339 0.464567
vn -0.787402 0.283465 0.543307
vn -0.716535 0.251969 0.653543
vn -0.653543 0.251969 0.716535
vn -0.574803 0.267717 0.771654
vn -0.566929 0.385827 0.724409
vn -0.511811 0.511811 0.685039
vn -0.503937 0.622047 0.598425
vn -0.354331 0.677165 0.645669
vn -0.196850 0.708661 0.677165
vn -0.133858 0.574803 0.811024
vn -0.440945 0.732283 0.519685
vn -0.535433 0.700787 0.472441
vn -0.543307 0.614173 0.574803
vn -0.614173 0.614173 0.503937
vn -0.598425 0.472441 0.645669
vn -0.653543 0.503937 0.566929
vn -0.708661 0.480315 0.511811
vn -0.748031 0.543307 0.377953
vn -0.629921 0.692913 0.338583
vn -0.811024 0.401575 0.425197
vn -0.858268 0.409449 0.307087
vn -0.779528 0.559055 0.283465
vn -0.748031 0.393701 0.527559
vn -0.700787 0.385827 0.598425
vn -0.622047 0.354331 0.700787
vn -0.622047 0.440945 0.645669
vn -0.346457 -0.929134 0.094488
vn -0.480315 -0.874016 0.102362
vn -0.425197 -0.905512 -0.007874
vn -0.417323 -0.874016 0.228346
vn -0.519685 -0.818898 0.236220
vn -0.606299 -0.787402 0.141732
vn -0.535433 -0.842520 -0.007874
vn -0.480315 -0.874016 -0.094488
vn -0.370079 -0.921260 -0.086614
vn -0.322835 -0.944882 0.007874
vn -0.259843 -0.960630 -0.118110
vn -0.228346 -0.976378 0.015748
vn -0.251969 -0.960630 0.125984
vn -0.267717 -0.937008 0.212598
vn -0.141732 -0.960630 0.251969
vn -0.133858 -0.984252 0.118110
vn -0.094488 -0.992126 -0.015748
vn -0.188976 -0.929134 0.314961
vn -0.330709 -0.881890 0.338583
vn -0.236220 -0.889764 0.393701
vn -0.094488 -0.937008 0.330709
vn -0.370079 -0.826772 0.417323
vn -0.314961 -0.826772 0.472441
vn -0.220472 -0.834646 0.503937
vn -0.283465 -0.763780 0.574803
vn -0.409449 -0.755906 0.511811
vn -0.338583 -0.669291 0.661417
vn -0.188976 -0.708661 0.685039
vn -0.456693 -0.645669 0.606299
vn -0.551181 -0.677165 0.488189
vn -0.503937 -0.755906 0.425197
vn -0.456693 -0.826772 0.330709
vn -0.574803 -0.763780 0.283465
vn -0.622047 -0.685039 0.370079
vn -0.637795 -0.582677 0.503937
vn -0.716535 -0.543307 0.425197
vn -0.755906 -0.582677 0.299213
vn -0.826772 -0.409449 0.385827
vn -0.874016 -0.433071 0.228346
vn -0.795276 -0.582677 0.157480
vn -0.677165 -0.708661 0.196850
vn -0.645669 -0.763780 0.000000
vn -0.732283 -0.685039 0.007874
vn -0.677165 -0.700787 -0.212598
vn -0.606299 -0.787402 -0.141732
vn -0.519685 -0.818898 -0.236220
vn 0.921260 -0.299213 0.244094
vn 0.850394 -0.448819 0.275591
vn 0.881890 -0.448819 0.125984
vn 0.795276 -0.582677 0.173228
vn 0.748031 -0.590551 0.299213
vn 0.677165 -0.700787 0.244094
vn 0.700787 -0.700787 0.110236
vn 0.590551 -0.795276 0.118110
vn 0.826772 -0.559055 0.031496
vn 0.740157 -0.669291 -0.078740
vn 0.598425 -0.795276 -0.094488
vn 0.818898 -0.566929 -0.118110
vn 0.685039 -0.692913 -0.228346
vn 0.897638 -0.433071 -0.007874
vn 0.881890 -0.440945 -0.149606
vn 0.763780 -0.582677 -0.267717
vn 0.850394 -0.433071 -0.299213
vn 0.929134 -0.307087 -0.204724
vn 0.889764 -0.299213 -0.338583
vn 0.803150 -0.417323 -0.425197
vn 0.842520 -0.314961 -0.440945
vn 0.905512 -0.212598 -0.362205
vn 0.850394 -0.181102 -0.488189
vn 0.944882 -0.220472 -0.244094
vn 0.944882 -0.141732 -0.291339
vn 0.897638 -0.125984 -0.417323
vn 0.842520 -0.125984 -0.519685
vn 0.889764 -0.047244 -0.456693
vn 0.826772 -0.047244 -0.566929
vn 0.866142 0.023622 -0.503937
vn 0.795276 0.000000 -0.606299
vn 0.913386 0.031496 -0.401575
vn 0.929134 -0.031496 -0.362205
vn 0.960630 -0.078740 -0.267717
vn 0.937008 0.023622 -0.346457
vn 0.976378 0.007874 -0.220472
vn 0.984252 -0.094488 -0.157480
vn 1.000000 0.015748 -0.070866
vn 0.960630 -0.157480 -0.220472
vn 0.960630 -0.220472 -0.173228
vn 0.976378 -0.165354 -0.110236
vn 1.000000 -0.078740 -0.023622
vn 1.000000 0.007874 0.031496
vn 0.992126 -0.070866 0.062992
vn 0.992126 0.007874 0.133858
vn 0.968504 -0.078740 0.220472
vn 0.960630 0.007874 0.283465
vn 0.937008 -0.086614 0.330709
vn 0.937008 0.000000 0.354331
vn 0.944882 -0.149606 0.283465
vn 0.976378 -0.173228 0.157480
vn 0.984252 -0.165354 0.039370
vn 0.984252 -0.165354 -0.031496
vn 0.976378 -0.220472 -0.031496
vn 0.968504 -0.228346 0.070866
vn 0.960630 -0.204724 0.204724
vn 0.929134 -0.181102 0.314961
vn 0.944882 -0.314961 0.110236
vn 0.952756 -0.299213 0.023622
vn 0.944882 -0.322835 -0.094488
f 1/1/1 2/2/2 3/3/3
f 3/3/3 2/2/2 4/4/4
f 3/3/3 4/4/4 5/5/5
f 3/3/3 5/5/5 1/1/1
f 5/5/5 4/4/4 6/6/6
f 5/5/5 6/6/6 7/7/7
f 7/7/7 6/6/6 8/8/8
f 7/7/7 8/8/8 9/9/9
f 7/7/7 9/9/9 10/10/10
f 7/7/7 10/10/10 11/11/11
f 7/7/7 11/11/11 5/5/5
f 5/5/5 11/11/11 1/1/1
f 1/1/1 11/11/11 12/12/12
f 12/12/12 11/11/11 13/13/13
f 13/13/13 11/11/11 10/10/10
f 13/13/13 10/10/10 14/14/14
f 14/14/14 10/10/10 9/9/9
f 14/14/14 9/9/9 15/15/15
f 14/14/14 15/15/15 16/16/16
f 16/16/16 15/15/15 17/17/17
f 16/16/16 17/17/17 18/18/18
f 18/18/18 17/17/17 19/19/19
f 18/18/18 19/19/19 20/20/20
f 18/18/18 20/20/20 21/21/21
f 18/18/18 21/21/21 22/22/22
f 22/22/22 21/21/21 23/23/23
f 23/23/23 21/21/21 24/24/24
f 22/22/22 23/23/23 25/25/25
f 25/25/25 23/23/23 26/26/26
f 26/26/26 23/23/23 27/27/27
f 25/25/25 26/26/26 28/28/28
f 28/28/28 26/26/26 29/29/29
f 28/28/28 29/29/29 30/30/30
f 28/28/28 30/30/30 31/31/31
f 28/28/28 31/31/31 32/32/32
f 32/32/32 31/31/31 33/33/33
f 33/33/33 31/31/31 34/34/34
f 34/34/34 31/31/31 35/35/35
f 32/32/32 33/33/33 36/36/36
f 32/32/32 36/36/36 37/37/37
f 32/32/32 37/37/37 38/38/38
f 32/32/32 38/38/38 28/28/28
f 28/28/28 38/38/38 39/39/39
f 28/28/28 39/39/39 25/25/25
f 25/25/25 39/39/39 40/40/40
f 25/25/25 40/40/40 22/22/22
f 22/22/22 40/40/40 41/41/41
f 22/22/22 41/41/41 18/18/18
f 18/18/18 41/41/41 16/16/16
f 16/16/16 41/41/41 42/42/42
f 16/16/16 42/42/42 14/14/14
f 42/42/42 41/41/41 43/43/43
f 43/43/43 41/41/41 40/40/40
f 43/43/43 40/40/40 44/44/44
f 44/44/44 40/40/40 39/39/39
f 44/44/44 39/39/39 45/45/45
f 45/45/45 39/39/39 38/38/38
f 45/45/45 38/38/38 46/46/46
f 46/46/46 38/38/38 37/37/37
f 46/46/46 37/37/37 47/47/47
f 46/46/46 47/47/47 48/48/48
f 48/48/48 47/47/47 49/49/49
f 48/48/48 49/49/49 50/50/50
f 48/48/48 50/50/50 51/51/51
f 51/51/51 50/50/50 52/52/52
f 52/52/52 50/50/50 53/53/53
f 52/52/52 53/53/53 54/54/54
f 52/52/52 54/54/54 55/55/55
f 55/55/55 54/54/54 56/56/56
f 55/55/55 56/56/56 57/57/57
f 57/57/57 56/56/56 58/58/58
f 57/57/57 58/58/58 59/59/59
f 59/59/59 58/58/58 60/60/60
f 60/60/60 58/58/58 61/61/61
f 59/59/59 60/60/60 62/62/62
f 62/62/62 60/60/60 63/63/63
f 63/63/63 60/60/60 64/64/64
f 63/63/63 64/64/64 65/65/65
f 63/63/63 65/65/65 66/66/66
f 66/66/66 65/65/65 67/67/67
f 67/67/67 65/65/65 68/68/68
f 66/66/66 67/67/67 69/69/69
f 66/66/66 69/69/69 70/70/70
f 66/66/66 70/70/70 63/63/63
f 70/70/70 69/69/69 71/71/71
f 70/70/70 71/71/71 72/72/72
f 70/70/70 72/72/72 73/73/73
f 70/70/70 73/73/73 63/63/63
f 63/63/63 73/73/73 62/62/62
f 62/62/62 73/73/73 74/74/74
f 74/74/74 73/73/73 72/72/72
f 74/74/74 72/72/72 75/75/75
f 74/74/74 75/75/75 2/2/2
f 2/2/2 75/75/75 4/4/4
f 74/74/74 2/2/2 76/76/76
f 74/74/74 76/76/76 62/62/62
f 62/62/62 76/76/76 59/59/59
f 59/59/59 76/76/76 77/77/77
f 59/59/59 77/77/77 57/57/57
f 77/77/77 76/76/76 1/1/1
f 1/1/1 76/76/76 2/2/2
f 77/77/77 1/1/1 12/12/12
f 77/77/77 12/12/12 57/57/57
f 57/57/57 12/12/12 55/55/55
f 55/55/55 12/12/12 13/13/13
f 55/55/55 13/13/13 78/78/78
f 55/55/55 78/78/78 52/52/52
f 52/52/52 78/78/78 51/51/51
f 51/51/51 78/78/78 79/79/79
f 79/79/79 78/78/78 14/14/14
f 14/14/14 78/78/78 13/13/13
f 79/79/79 14/14/14 42/42/42
f 79/79/79 42/42/42 80/80/80
f 80/80/80 42/42/42 43/43/43
f 80/80/80 43/43/43 44/44/44
f 80/80/80 44/44/44 81/81/81
f 80/80/80 81/81/81 79/79/79
f 81/81/81 44/44/44 45/45/45
f 81/81/81 45/45/45 46/46/46
f 81/81/81 46/46/46 48/48/48
f 81/81/81 48/48/48 51/51/51
f 81/81/81 51/51/51 79/79/79
f 82/82/82 83/83/83 84/84/84
f 83/83/83 82/82/82 85/85/85
f 83/83/83 85/85/85 86/86/86
f 86/86/86 85/85/85 87/87/87
f 86/86/86 87/87/87 88/88/88
f 86/86/86 88/88/88 89/89/89
f 88/88/88 87/87/87 90/90/90
f 90/90/90 87/87/87 91/91/91
f 91/91/91 87/87/87 85/85/85
f 91/91/91 85/85/85 92/92/92
f 92/92/92 85/85/85 82/82/82
f 92/92/92 82/82/82 93/93/93
f 93/93/93 82/82/82 94/94/94
f 94/94/94 82/82/82 84/84/84
f 93/93/93 94/94/94 95/95/95
f 95/95/95 94/94/94 96/96/96
f 96/96/96 94/94/94 97/97/97
f 97/97/97 94/94/94 84/84/84
f 97/97/97 84/84/84 98/98/98
f 98/98/98 84/84/84 83/83/83
f 98/98/98 83/83/83 99/99/99
f 99/99/99 83/83/83 86/86/86
f 99/99/99 86/86/86 100/100/100
f 100/100/100 86/86/86 89/89/89
f 100/100/100 89/89/89 101/101/101
f 100/100/100 101/101/101 102/102/102
f 100/100/100 102/102/102 103/103/103
f 100/100/100 103/103/103 99/99/99
f 103/103/103 102/102/102 104/104/104
f 104/104/104 102/102/102 105/105/105
f 104/104/104 105/105/105 106/106/106
f 104/104/104 106/106/106 107/107/107
f 104/104/104 107/107/107 108/108/108
f 104/104/104 108/108/108 109/109/109
f 104/104/104 109/109/109 103/103/103
f 103/103/103 109/109/109 110/110/110
f 103/103/103 110/110/110 99/99/99
f 99/99/99 110/110/110 111/111/111
f 111/111/111 110/110/110 109/109/109
f 99/99/99 111/111/111 98/98/98
f 111/111/111 109/109/109 112/112/112
f 112/112/112 109/109/109 108/108/108
f 112/112/112 108/108/108 113/113/113
f 112/112/112 113/113/113 114/114/114
f 112/112/112 114/114/114 115/115/115
f 112/112/112 115/115/115 111/111/111
f 111/111/111 115/115/115 98/98/98
f 98/98/98 115/115/115 97/97/97
f 97/97/97 115/115/115 116/116/116
f 116/116/116 115/115/115 114/114/114
f 97/97/97 116/116/116 96/96/96
f 116/116/116 114/114/114 117/117/117
f 96/96/96 116/116/116 118/118/118
f 118/118/118 116/116/116 117/117/117
f 118/118/118 117/117/117 119/119/119
f 120/120/120 121/121/121 122/122/122
f 121/121/121 120/120/120 123/123/123
f 121/121/121 123/123/123 124/124/124
f 124/124/124 123/123/123 125/125/125
f 125/125/125 123/123/123 126/126/126
f 126/126/126 123/123/123 127/127/127
f 127/127/127 123/123/123 120/120/120
f 127/127/127 120/120/120 128/128/128
f 128/128/128 120/120/120 129/129/129
f 129/129/129 120/120/120 122/122/122
f 129/129/129 122/122/122 130/130/130
f 129/129/129 130/130/130 131/131/131
f 131/131/131 130/130/130 132/132/132
f 129/129/129 131/131/131 133/133/133
f 129/129/129 133/133/133 128/128/128
f 133/133/133 131/131/131 134/134/134
f 133/133/133 134/134/134 135/135/135
f 133/133/133 135/135/135 128/128/128
f 135/135/135 134/134/134 136/136/136
f 128/128/128 135/135/135 137/137/137
f 128/128/128 137/137/137 127/127/127
f 137/137/137 135/135/135 138/138/138
f 138/138/138 135/135/135 136/136/136
f 138/138/138 136/136/136 139/139/139
f 139/139/139 136/136/136 140/140/140
f 138/138/138 139/139/139 141/141/141
f 141/141/141 139/139/139 142/142/142
f 142/142/142 139/139/139 143/143/143
f 141/141/141 142/142/142 144/144/144
f 144/144/144 142/142/142 145/145/145
f 144/144/144 145/145/145 146/146/146
f 144/144/144 146/146/146 147/147/147
f 144/144/144 147/147/147 148/148/148
f 144/144/144 148/148/148 141/141/141
f 148/148/148 147/147/147 149/149/149
f 141/141/141 148/148/148 150/150/150
f 148/148/148 149/149/149 151/151/151
f 148/148/148 151/151/151 150/150/150
f 151/151/151 149/149/149 152/152/152
f 152/152/152 149/149/149 153/153/153
f 152/152/152 153/153/153 154/154/154
f 154/154/154 153/153/153 155/155/155
f 154/154/154 155/155/155 156/156/156
f 154/154/154 156/156/156 157/157/157
f 154/154/154 157/157/157 158/158/158
f 154/154/154 158/158/158 152/152/152
f 152/152/152 158/158/158 159/159/159
f 152/152/152 159/159/159 151/151/151
f 151/151/151 159/159/159 160/160/160
f 160/160/160 159/159/159 161/161/161
f 161/161/161 159/159/159 158/158/158
f 161/161/161 158/158/158 162/162/162
f 162/162/162 158/158/158 157/157/157
f 162/162/162 157/157/157 163/163/163
f 163/163/163 157/157/157 164/164/164
f 164/164/164 157/157/157 156/156/156
f 164/164/164 156/156/156 165/165/165
f 164/164/164 165/165/165 166/166/166
f 166/166/166 165/165/165 167/167/167
f 164/164/164 166/166/166 168/168/168
f 164/164/164 168/168/168 163/163/163
f 163/163/163 168/168/168 169/169/169
f 163/163/163 169/169/169 170/170/170
f 163/163/163 170/170/170 162/162/162
f 162/162/162 170/170/170 171/171/171
f 162/162/162 171/171/171 161/161/161
f 161/161/161 171/171/171 126/126/126
f 161/161/161 126/126/126 172/172/172
f 172/172/172 126/126/126 127/127/127
f 172/172/172 127/127/127 137/137/137
f 172/172/172 137/137/137 173/173/173
f 173/173/173 137/137/137 138/138/138
f 173/173/173 138/138/138 141/141/141
f 173/173/173 141/141/141 150/150/150
f 173/173/173 150/150/150 151/151/151
f 173/173/173 151/151/151 160/160/160
f 173/173/173 160/160/160 172/172/172
f 172/172/172 160/160/160 161/161/161
f 171/171/171 125/125/125 126/126/126
f 125/125/125 171/171/171 174/174/174
f 125/125/125 174/174/174 175/175/175
f 174/174/174 171/171/171 170/170/170
f 174/174/174 170/170/170 176/176/176
f 174/174/174 176/176/176 177/177/177
f 176/176/176 170/170/170 169/169/169
f 176/176/176 169/169/169 178/178/178
f 176/176/176 178/178/178 179/179/179
f 178/178/178 169/169/169 180/180/180
f 180/180/180 169/169/169 168/168/168
f 180/180/180 168/168/168 166/166/166
f 180/180/180 166/166/166 181/181/181
f 181/181/181 166/166/166 167/167/167
f 181/181/181 167/167/167 182/182/182
f 181/181/181 182/182/182 183/183/183
f 183/183/183 182/182/182 184/184/184
f 181/181/181 183/183/183 185/185/185
f 181/181/181 185/185/185 180/180/180
f 180/180/180 185/185/185 186/186/186
f 180/180/180 186/186/186 178/178/178
f 178/178/178 186/186/186 187/187/187
f 186/186/186 185/185/185 188/188/188
f 188/188/188 185/185/185 183/183/183
f 188/188/188 183/183/183 189/189/189
f 189/189/189 183/183/183 184/184/184
f 189/189/189 184/184/184 190/190/190
f 191/191/191 192/192/192 193/193/193
f 191/191/191 193/193/193 194/194/194
f 194/194/194 193/193/193 195/195/195
f 195/195/195 193/193/193 196/196/196
f 196/196/196 193/193/193 197/197/197
f 197/197/197 193/193/193 192/192/192
f 196/196/196 197/197/197 198/198/198
f 196/196/196 198/198/198 199/199/199
f 199/199/199 198/198/198 200/200/200
f 200/200/200 198/198/198 201/201/201
f 200/200/200 201/201/201 202/202/202
f 200/200/200 202/202/202 203/203/203
f 203/203/203 202/202/202 204/204/204
f 203/203/203 204/204/204 205/205/205
f 202/202/202 201/201/201 206/206/206
f 206/206/206 201/201/201 207/207/207
f 207/207/207 201/201/201 198/198/198
f 207/207/207 198/198/198 197/197/197
f 207/207/207 197/197/197 192/192/192
f 206/206/206 207/207/207 208/208/208
f 208/208/208 207/207/207 209/209/209
f 209/209/209 207/207/207 192/192/192
f 209/209/209 192/192/192 210/210/210
f 210/210/210 192/192/192 211/211/211
f 211/211/211 192/192/192 191/191/191
f 211/211/211 191/191/191 212/212/212
f 212/212/212 191/191/191 213/213/213
f 213/213/213 191/191/191 194/194/194
f 213/213/213 194/194/194 214/214/214
f 212/212/212 213/213/213 215/215/215
f 215/215/215 213/213/213 216/216/216
f 216/216/216 213/213/213 217/217/217
f 215/215/215 216/216/216 218/218/218
f 218/218/218 216/216/216 219/219/219
f 215/215/215 218/218/218 220/220/220
f 215/215/215 220/220/220 221/221/221
f 215/215/215 221/221/221 212/212/212
f 212/212/212 221/221/221 222/222/222
f 212/212/212 222/222/222 211/211/211
f 211/211/211 222/222/222 223/223/223
f 211/211/211 223/223/223 210/210/210
f 210/210/210 223/223/223 224/224/224
f 210/210/210 224/224/224 225/225/225
f 225/225/225 224/224/224 226/226/226
f 226/226/226 224/224/224 223/223/223
f 226/226/226 223/223/223 227/227/227
f 226/226/226 227/227/227 228/228/228
f 227/227/227 223/223/223 229/229/229
f 229/229/229 223/223/223 222/222/222
f 229/229/229 222/222/222 221/221/221
f 229/229/229 221/221/221 230/230/230
f 230/230/230 221/221/221 220/220/220
f 229/229/229 230/230/230 231/231/231
f 229/229/229 231/231/231 227/227/227
f 227/227/227 231/231/231 232/232/232
f 227/227/227 232/232/232 228/228/228
f 228/228/228 232/232/232 233/233/233
f 233/233/233 232/232/232 234/234/234
f 234/234/234 232/232/232 235/235/235
f 235/235/235 232/232/232 231/231/231
f 234/234/234 235/235/235 236/236/236
f 234/234/234 236/236/236 237/237/237
f 237/237/237 236/236/236 238/238/238
f 236/236/236 235/235/235 239/239/239
f 239/239/239 235/235/235 240/240/240
f 239/239/239 240/240/240 241/241/241
f 241/241/241 240/240/240 242/242/242
f 242/242/242 240/240/240 243/243/243
f 242/242/242 243/243/243 244/244/244
f 244/244/244 243/243/243 245/245/245
f 244/244/244 245/245/245 246/246/246
f 246/246/246 245/245/245 247/247/247
f 246/246/246 247/247/247 248/248/248
f 248/248/248 247/247/247 249/249/249
f 249/249/249 247/247/247 219/219/219
f 219/219/219 247/247/247 250/250/250
f 250/250/250 247/247/247 245/245/245
f 250/250/250 245/245/245 243/243/243
f 219/219/219 250/250/250 218/218/218
f 218/218/218 250/250/250 220/220/220
f 220/220/220 250/250/250 251/251/251
f 251/251/251 250/250/250 243/243/243
f 220/220/220 251/251/251 230/230/230
f 230/230/230 251/251/251 252/252/252
f 252/252/252 251/251/251 243/243/243
f 252/252/252 243/243/243 240/240/240
f 252/252/252 240/240/240 235/235/235
f 252/252/252 235/235/235 231/231/231
f 252/252/252 231/231/231 230/230/230
f 253/253/253 254/254/254 255/255/255
f 254/254/254 253/253/253 256/256/256
f 254/254/254 256/256/256 257/257/257
f 254/254/254 257/257/257 258/258/258
f 254/254/254 258/258/258 259/259/259
f 254/254/254 259/259/259 255/255/255
f 259/259/259 258/258/258 260/260/260
f 260/260/260 258/258/258 261/261/261
f 261/261/261 258/258/258 257/257/257
f 260/260/260 261/261/261 262/262/262
f 260/260/260 262/262/262 263/263/263
f 260/260/260 263/263/263 259/259/259
f 259/259/259 263/263/263 264/264/264
f 259/259/259 264/264/264 265/265/265
f 259/259/259 265/265/265 255/255/255
f 255/255/255 265/265/265 266/266/266
f 255/255/255 266/266/266 267/267/267
f 255/255/255 267/267/267 253/253/253
f 267/267/267 266/266/266 268/268/268
f 267/267/267 268/268/268 269/269/269
f 267/267/267 269/269/269 270/270/270
f 267/267/267 270/270/270 253/253/253
f 270/270/270 269/269/269 271/271/271
f 270/270/270 271/271/271 272/272/272
f 272/272/272 271/271/271 273/273/273
f 272/272/272 273/273/273 274/274/274
f 272/272/272 274/274/274 275/275/275
f 272/272/272 275/275/275 276/276/276
f 272/272/272 276/276/276 270/270/270
f 270/270/270 276/276/276 253/253/253
f 253/253/253 276/276/276 256/256/256
f 256/256/256 276/276/276 277/277/277
f 277/277/277 276/276/276 275/275/275
f 277/277/277 275/275/275 278/278/278
f 277/277/277 278/278/278 279/279/279
f 277/277/277 279/279/279 280/280/280
f 277/277/277 280/280/280 256/256/256
f 256/256/256 280/280/280 257/257/257
f 257/257/257 280/280/280 281/281/281
f 257/257/257 281/281/281 261/261/261
f 281/281/281 280/280/280 282/282/282
f 282/282/282 280/280/280 279/279/279
f 282/282/282 279/279/279 283/283/283
f 281/281/281 282/282/282 284/284/284
f 284/284/284 282/282/282 285/285/285
f 284/284/284 285/285/285 286/286/286
f 284/284/284 286/286/286 287/287/287
f 287/287/287 286/286/286 288/288/288
f 287/287/287 288/288/288 289/289/289
f 287/287/287 289/289/289 290/290/290
f 290/290/290 289/289/289 291/291/291
f 290/290/290 291/291/291 292/292/292
f 292/292/292 291/291/291 293/293/293
f 290/290/290 292/292/292 294/294/294
f 290/290/290 294/294/294 287/287/287
f 287/287/287 294/294/294 284/284/284
f 284/284/284 294/294/294 281/281/281
f 281/281/281 294/294/294 261/261/261
f 261/261/261 294/294/294 292/292/292
f 261/261/261 292/292/292 262/262/262
f 262/262/262 292/292/292 293/293/293
f 262/262/262 293/293/293 295/295/295
f 295/295/295 293/293/293 296/296/296
f 295/295/295 296/296/296 297/297/297
f 295/295/295 297/297/297 298/298/298
f 295/295/295 298/298/298 263/263/263
f 295/295/295 263/263/263 262/262/262
f 263/263/263 298/298/298 264/264/264
f 264/264/264 298/298/298 299/299/299
f 299/299/299 298/298/298 300/300/300
f 300/300/300 298/298/298 297/297/297
f 300/300/300 297/297/297 301/301/301
f 301/301/301 297/297/297 302/302/302
f 300/300/300 301/301/301 303/303/303
f 303/303/303 301/301/301 304/304/304
f 300/300/300 303/303/303 305/305/305
f 300/300/300 305/305/305 299/299/299
f 305/305/305 303/303/303 306/306/306
f 306/306/306 303/303/303 307/307/307
f 306/306/306 307/307/307 308/308/308
f 306/306/306 308/308/308 309/309/309
f 309/309/309 308/308/308 310/310/310
f 310/310/310 308/308/308 311/311/311
f 306/306/306 309/309/309 312/312/312
f 306/306/306 312/312/312 305/305/305
f 312/312/312 309/309/309 313/313/313
f 312/312/312 313/313/313 314/314/314
f 312/312/312 314/314/314 315/315/315
f 312/312/312 315/315/315 305/305/305
f 305/305/305 315/315/315 299/299/299
f 299/299/299 315/315/315 316/316/316
f 299/299/299 316/316/316 264/264/264
f 264/264/264 316/316/316 265/265/265
f 265/265/265 316/316/316 266/266/266
f 266/266/266 316/316/316 317/317/317
f 266/266/266 317/317/317 318/318/318
f 266/266/266 318/318/318 268/268/268
f 318/318/318 317/317/317 319/319/319
f 319/319/319 317/317/317 320/320/320
f 320/320/320 317/317/317 316/316/316
f 320/320/320 316/316/316 315/315/315
f 320/320/320 315/315/315 314/314/314
f 321/321/321 322/322/322 323/323/323
f 322/322/322 321/321/321 324/324/324
f 322/322/322 324/324/324 325/325/325
f 325/325/325 324/324/324 326/326/326
f 325/325/325 326/326/326 327/327/327
f 327/327/327 326/326/326 328/328/328
f 327/327/327 328/328/328 329/329/329
f 329/329/329 328/328/328 330/330/330
f 329/329/329 330/330/330 331/331/331
f 331/331/331 330/330/330 332/332/332
f 332/332/332 330/330/330 333/333/333
f 333/333/333 330/330/330 334/334/334
f 334/334/334 330/330/330 328/328/328
f 334/334/334 328/328/328 335/335/335
f 335/335/335 328/328/328 326/326/326
f 334/334/334 335/335/335 336/336/336
f 336/336/336 335/335/335 337/337/337
f 336/336/336 337/337/337 338/338/338
f 337/337/337 335/335/335 339/339/339
f 339/339/339 335/335/335 326/326/326
f 339/339/339 326/326/326 324/324/324
f 339/339/339 324/324/324 340/340/340
f 340/340/340 324/324/324 321/321/321
f 339/339/339 340/340/340 341/341/341
f 339/339/339 341/341/341 337/337/337
f 337/337/337 341/341/341 338/338/338
f 338/338/338 341/341/341 342/342/342
f 342/342/342 341/341/341 343/343/343
f 343/343/343 341/341/341 340/340/340
f 342/342/342 343/343/343 344/344/344
f 342/342/342 344/344/344 345/345/345
f 344/344/344 343/343/343 346/346/346
f 344/344/344 346/346/346 347/347/347
f 344/344/344 347/347/347 348/348/348
f 347/347/347 346/346/346 349/349/349
f 349/349/349 346/346/346 350/350/350
f 349/349/349 350/350/350 351/351/351
f 351/351/351 350/350/350 352/352/352
f 352/352/352 350/350/350 353/353/353
f 353/353/353 350/350/350 354/354/354
f 354/354/354 350/350/350 346/346/346
f 354/354/354 346/346/346 343/343/343
f 354/354/354 343/343/343 340/340/340
f 354/354/354 340/340/340 321/321/321
f 354/354/354 321/321/321 353/353/353
f 353/353/353 321/321/321 323/323/323
f 353/353/353 323/323/323 355/355/355
f 353/353/353 355/355/355 352/352/352
f 352/352/352 355/355/355 356/356/356
f 352/352/352 356/356/356 357/357/357
f 358/358/358 359/359/359 360/360/360
f 360/360/360 359/359/359 361/361/361
f 361/361/361 359/359/359 362/362/362
f 360/360/360 361/361/361 363/363/363
f 360/360/360 363/363/363 364/364/364
f 364/364/364 363/363/363 365/365/365
f 360/360/360 364/364/364 366/366/366
f 360/360/360 366/366/366 358/358/358
f 358/358/358 366/366/366 367/367/367
f 358/358/358 367/367/367 368/368/368
f 367/367/367 366/366/366 369/369/369
f 367/367/367 369/369/369 370/370/370
f 369/369/369 366/366/366 371/371/371
f 371/371/371 366/366/366 364/364/364
f 369/369/369 371/371/371 372/372/372
f 369/369/369 372/372/372 373/373/373
f 373/373/373 372/372/372 374/374/374
f 374/374/374 372/372/372 371/371/371
f 373/373/373 374/374/374 375/375/375
f 374/374/374 371/371/371 376/376/376
f 376/376/376 371/371/371 377/377/377
f 377/377/377 371/371/371 364/364/364
f 377/377/377 364/364/364 365/365/365
f 377/377/377 365/365/365 378/378/378
f 377/377/377 378/378/378 379/379/379
f 377/377/377 379/379/379 376/376/376
f 379/379/379 378/378/378 380/380/380
f 380/380/380 378/378/378 381/381/381
f 379/379/379 380/380/380 382/382/382
f 382/382/382 380/380/380 383/383/383
f 383/383/383 380/380/380 384/384/384
f 382/382/382 383/383/383 385/385/385
f 385/385/385 383/383/383 386/386/386
f 386/386/386 383/383/383 387/387/387
f 385/385/385 386/386/386 388/388/388
f 388/388/388 386/386/386 389/389/389
f 389/389/389 386/386/386 390/390/390
f 382/382/382 385/385/385 391/391/391
f 382/382/382 391/391/391 379/379/379
f 379/379/379 391/391/391 376/376/376
f 376/376/376 391/391/391 392/392/392
f 376/376/376 392/392/392 374/374/374
f 374/374/374 392/392/392 375/375/375
f 375/375/375 392/392/392 393/393/393
f 375/375/375 393/393/393 394/394/394
f 393/393/393 392/392/392 395/395/395
f 393/393/393 395/395/395 396/396/396
f 393/393/393 396/396/396 397/397/397
f 397/397/397 396/396/396 398/398/398
f 396/396/396 395/395/395 399/399/399
f 396/396/396 399/399/399 400/400/400
f 399/399/399 395/395/395 401/401/401
f 401/401/401 395/395/395 402/402/402
f 402/402/402 395/395/395 392/392/392
f 402/402/402 392/392/392 391/391/391
f 402/402/402 391/391/391 385/385/385
f 402/402/402 385/385/385 388/388/388
f 402/402/402 388/388/388 401/401/401
f 401/401/401 388/388/388 403/403/403
f 404/404/404 405/405/405 406/406/406
f 404/404/404 406/406/406 407/407/407
f 407/407/407 406/406/406 408/408/408
f 407/407/407 408/408/408 409/409/409
f 409/409/409 408/408/408 410/410/410
f 410/410/410 408/408/408 411/411/411
f 410/410/410 411/411/411 412/412/412
f 412/412/412 411/411/411 413/413/413
f 412/412/412 413/413/413 414/414/414
f 414/414/414 413/413/413 415/415/415
f 414/414/414 415/415/415 416/416/416
f 414/414/414 416/416/416 417/417/417
f 417/417/417 416/416/416 418/418/418
f 417/417/417 418/418/418 419/419/419
f 419/419/419 418/418/418 420/420/420
f 419/419/419 420/420/420 421/421/421
f 420/420/420 418/418/418 422/422/422
f 420/420/420 422/422/422 423/423/423
f 420/420/420 423/423/423 424/424/424
f 423/423/423 422/422/422 425/425/425
f 423/423/423 425/425/425 426/426/426
f 426/426/426 425/425/425 427/427/427
f 426/426/426 427/427/427 428/428/428
f 428/428/428 427/427/427 429/429/429
f 428/428/428 429/429/429 430/430/430
f 429/429/429 427/427/427 431/431/431
f 429/429/429 431/431/431 432/432/432
f 429/429/429 432/432/432 433/433/433
f 432/432/432 431/431/431 434/434/434
f 432/432/432 434/434/434 435/435/435
f 435/435/435 434/434/434 436/436/436
f 435/435/435 436/436/436 437/437/437
f 437/437/437 436/436/436 438/438/438
f 437/437/437 438/438/438 439/439/439
f 437/437/437 439/439/439 440/440/440
f 440/440/440 439/439/439 441/441/441
f 439/439/439 438/438/438 442/442/442
f 439/439/439 442/442/442 443/443/443
f 443/443/443 442/442/442 405/405/405
f 405/405/405 442/442/442 444/444/444
f 405/405/405 444/444/444 406/406/406
f 444/444/444 442/442/442 445/445/445
f 445/445/445 442/442/442 438/438/438
f 445/445/445 438/438/438 446/446/446
f 446/446/446 438/438/438 436/436/436
f 446/446/446 436/436/436 434/434/434
f 446/446/446 434/434/434 447/447/447
f 447/447/447 434/434/434 448/448/448
f 448/448/448 434/434/434 431/431/431
f 448/448/448 431/431/431 427/427/427
f 448/448/448 427/427/427 449/449/449
f 449/449/449 427/427/427 425/425/425
f 449/449/449 425/425/425 450/450/450
f 450/450/450 425/425/425 422/422/422
f 450/450/450 422/422/422 451/451/451
f 451/451/451 422/422/422 418/418/418
f 451/451/451 418/418/418 416/416/416
f 451/451/451 416/416/416 452/452/452
f 452/452/452 416/416/416 415/415/415
f 452/452/452 415/415/415 453/453/453
f 453/453/453 415/415/415 413/413/413
f 453/453/453 413/413/413 411/411/411
f 453/453/453 411/411/411 454/454/454
f 454/454/454 411/411/411 408/408/408
f 454/454/454 408/408/408 406/406/406
f 454/454/454 406/406/406 444/444/444
f 454/454/454 444/444/444 455/455/455
f 454/454/454 455/455/455 453/453/453
f 455/455/455 444/444/444 445/445/445
f 453/453/453 455/455/455 456/456/456
f 453/453/453 456/456/456 452/452/452
f 452/452/452 456/456/456 457/457/457
f 452/452/452 457/457/457 451/451/451
f 451/451/451 457/457/457 450/450/450
f 450/450/450 457/457/457 458/458/458
f 450/450/450 458/458/458 449/449/449
f 449/449/449 458/458/458 459/459/459
f 449/449/449 459/459/459 448/448/448
f 448/448/448 459/459/459 447/447/447
f 447/447/447 459/459/459 458/458/458
f 447/447/447 458/458/458 460/460/460
f 460/460/460 458/458/458 457/457/457
f 460/460/460 457/457/457 456/456/456
f 460/460/460 456/456/456 455/455/455
f 460/460/460 455/455/455 445/445/445
f 460/460/460 445/445/445 446/446/446
f 460/460/460 446/446/446 447/447/447
f 461/461/461 462/462/462 463/463/463
f 461/461/461 463/463/463 464/464/464
f 464/464/464 463/463/463 465/465/465
f 462/462/462 461/461/461 466/466/466
f 462/462/462 466/466/466 467/467/467
f 467/467/467 466/466/466 468/468/468
f 468/468/468 466/466/466 469/469/469
f 469/469/469 466/466/466 470/470/470
f 470/470/470 466/466/466 461/461/461
f 470/470/470 461/461/461 471/471/471
f 469/469/469 470/470/470 472/472/472
f 469/469/469 472/472/472 473/473/473
f 473/473/473 472/472/472 474/474/474
f 473/473/473 474/474/474 475/475/475
f 475/475/475 474/474/474 476/476/476
f 475/475/475 476/476/476 477/477/477
f 477/477/477 476/476/476 478/478/478
f 475/475/475 477/477/477 479/479/479
f 475/475/475 479/479/479 473/473/473
f 473/473/473 479/479/479 480/480/480
f 473/473/473 480/480/480 469/469/469
f 469/469/469 480/480/480 468/468/468
f 468/468/468 480/480/480 481/481/481
f 468/468/468 481/481/481 482/482/482
f 481/481/481 480/480/480 483/483/483
f 483/483/483 480/480/480 479/479/479
f 481/481/481 483/483/483 484/484/484
f 484/484/484 483/483/483 485/485/485
f 485/485/485 483/483/483 486/486/486
f 486/486/486 483/483/483 487/487/487
f 487/487/487 483/483/483 479/479/479
f 486/486/486 487/487/487 488/488/488
f 487/487/487 479/479/479 489/489/489
f 489/489/489 479/479/479 477/477/477
f 489/489/489 477/477/477 490/490/490
f 490/490/490 477/477/477 478/478/478
f 490/490/490 478/478/478 491/491/491
f 491/491/491 478/478/478 492/492/492
f 491/491/491 492/492/492 493/493/493
f 491/491/491 493/493/493 494/494/494
f 494/494/494 493/493/493 495/495/495
f 494/494/494 495/495/495 496/496/496
f 496/496/496 495/495/495 497/497/497
f 496/496/496 497/497/497 498/498/498
f 498/498/498 497/497/497 499/499/499
f 498/498/498 499/499/499 500/500/500
f 498/498/498 500/500/500 501/501/501
f 498/498/498 501/501/501 496/496/496
f 496/496/496 501/501/501 502/502/502
f 496/496/496 502/502/502 503/503/503
f 496/496/496 503/503/503 494/494/494
f 494/494/494 503/503/503 504/504/504
f 494/494/494 504/504/504 491/491/491
f 491/491/491 504/504/504 490/490/490
f 490/490/490 504/504/504 505/505/505
f 490/490/490 505/505/505 489/489/489
f 505/505/505 504/504/504 506/506/506
f 506/506/506 504/504/504 503/503/503
f 506/506/506 503/503/503 507/507/507
f 507/507/507 503/503/503 502/502/502
f 507/507/507 502/502/502 508/508/508
f 508/508/508 502/502/502 509/509/509
f 509/509/509 502/502/502 501/501/501
f 509/509/509 501/501/501 510/510/510
f 510/510/510 501/501/501 500/500/500
f 510/510/510 500/500/500 511/511/511
f 511/511/511 500/500/500 512/512/512
f 510/510/510 511/511/511 513/513/513
f 513/513/513 511/511/511 514/514/514
f 514/514/514 511/511/511 515/515/515
f 513/513/513 514/514/514 516/516/516
f 513/513/513 516/516/516 517/517/517
f 513/513/513 517/517/517 518/518/518
f 513/513/513 518/518/518 510/510/510
f 510/510/510 518/518/518 519/519/519
f 510/510/510 519/519/519 509/509/509
f 509/509/509 519/519/519 508/508/508
f 508/508/508 519/519/519 520/520/520
f 520/520/520 519/519/519 521/521/521
f 521/521/521 519/519/519 518/518/518
f 521/521/521 518/518/518 517/517/517
f 521/521/521 517/517/517 522/522/522
f 522/522/522 517/517/517 523/523/523
f 521/521/521 522/522/522 524/524/524
f 521/521/521 524/524/524 520/520/520
f 524/524/524 522/522/522 525/525/525
f 524/524/524 525/525/525 526/526/526
f 524/524/524 526/526/526 527/527/527
f 524/524/524 527/527/527 520/520/520
f 527/527/527 526/526/526 528/528/528
f 527/527/527 528/528/528 529/529/529
f 527/527/527 529/529/529 530/530/530
f 527/527/527 530/530/530 520/520/520
f 520/520/520 530/530/530 531/531/531
f 520/520/520 531/531/531 508/508/508
f 508/508/508 531/531/531 532/532/532
f 532/532/532 531/531/531 530/530/530
f 508/508/508 532/532/532 507/507/507
f 532/532/532 530/530/530 533/533/533
f 533/533/533 530/530/530 529/529/529
f 533/533/533 529/529/529 534/534/534
f 533/533/533 534/534/534 535/535/535
f 533/533/533 535/535/535 536/536/536
f 533/533/533 536/536/536 532/532/532
f 532/532/532 536/536/536 507/507/507
f 507/507/507 536/536/536 506/506/506
f 506/506/506 536/536/536 537/537/537
f 537/537/537 536/536/536 535/535/535
f 537/537/537 535/535/535 538/538/538
f 537/537/537 538/538/538 539/539/539
f 539/539/539 538/538/538 488/488/488
f 539/539/539 488/488/488 487/487/487
f 539/539/539 487/487/487 489/489/489
f 539/539/539 489/489/489 505/505/505
f 539/539/539 505/505/505 537/537/537
f 537/537/537 505/505/505 506/506/506
f 540/540/540 541/541/541 542/542/542
f 542/542/542 541/541/541 543/543/543
f 543/543/543 541/541/541 544/544/544
f 544/544/544 541/541/541 545/545/545
f 543/543/543 544/544/544 546/546/546
f 546/546/546 544/544/544 547/547/547
f 547/547/547 544/544/544 548/548/548
f 546/546/546 547/547/547 549/549/549
f 549/549/549 547/547/547 550/550/550
f 549/549/549 550/550/550 551/551/551
f 549/549/549 551/551/551 552/552/552
f 552/552/552 551/551/551 553/553/553
f 553/553/553 551/551/551 554/554/554
f 552/552/552 553/553/553 555/555/555
f 555/555/555 553/553/553 556/556/556
f 555/555/555 556/556/556 557/557/557
f 555/555/555 557/557/557 558/558/558
f 558/558/558 557/557/557 559/559/559
f 559/559/559 557/557/557 560/560/560
f 559/559/559 560/560/560 561/561/561
f 561/561/561 560/560/560 562/562/562
f 561/561/561 562/562/562 563/563/563
f 563/563/563 562/562/562 564/564/564
f 564/564/564 562/562/562 565/565/565
f 565/565/565 562/562/562 566/566/566
f 563/563/563 564/564/564 567/567/567
f 563/563/563 567/567/567 568/568/568
f 563/563/563 568/568/568 569/569/569
f 563/563/563 569/569/569 561/561/561
f 561/561/561 569/569/569 570/570/570
f 561/561/561 570/570/570 559/559/559
f 559/559/559 570/570/570 569/569/569
f 559/559/559 569/569/569 558/558/558
f 558/558/558 569/569/569 571/571/571
f 571/571/571 569/569/569 568/568/568
f 558/558/558 571/571/571 572/572/572
f 558/558/558 572/572/572 555/555/555
f 555/555/555 572/572/572 552/552/552
f 552/552/552 572/572/572 573/573/573
f 552/552/552 573/573/573 549/549/549
f 549/549/549 573/573/573 546/546/546
f 546/546/546 573/573/573 574/574/574
f 546/546/546 574/574/574 543/543/543
f 543/543/543 574/574/574 542/542/542
f 542/542/542 574/574/574 575/575/575
f 542/542/542 575/575/575 576/576/576
f 576/576/576 575/575/575 577/577/577
f 577/577/577 575/575/575 578/578/578
f 577/577/577 578/578/578 579/579/579
f 579/579/579 578/578/578 580/580/580
f 579/579/579 580/580/580 581/581/581
f 581/581/581 580/580/580 582/582/582
f 581/581/581 582/582/582 583/583/583
f 583/583/583 582/582/582 584/584/584
f 584/584/584 582/582/582 585/585/585
f 585/585/585 582/582/582 586/586/586
f 586/586/586 582/582/582 580/580/580
f 585/585/585 586/586/586 587/587/587
f 585/585/585 587/587/587 588/588/588
f 588/588/588 587/587/587 567/567/567
f 567/567/567 587/587/587 589/589/589
f 589/589/589 587/587/587 586/586/586
f 567/567/567 589/589/589 568/568/568
f 589/589/589 586/586/586 590/590/590
f 590/590/590 586/586/586 580/580/580
f 590/590/590 580/580/580 578/578/578
f 590/590/590 578/578/578 591/591/591
f 591/591/591 578/578/578 592/592/592
f 592/592/592 578/578/578 575/575/575
f 592/592/592 575/575/575 574/574/574
f 592/592/592 574/574/574 593/593/593
f 593/593/593 574/574/574 573/573/573
f 593/593/593 573/573/573 572/572/572
f 593/593/593 572/572/572 594/594/594
f 593/593/593 594/594/594 592/592/592
f 592/592/592 594/594/594 591/591/591
f 591/591/591 594/594/594 595/595/595
f 591/591/591 595/595/595 590/590/590
f 590/590/590 595/595/595 589/589/589
f 589/589/589 595/595/595 568/568/568
f 568/568/568 595/595/595 571/571/571
f 571/571/571 595/595/595 594/594/594
f 571/571/571 594/594/594 572/572/572
f 596/596/596 597/597/597 598/598/598
f 598/598/598 597/597/597 599/599/599
f 598/598/598 599/599/599 600/600/600
f 598/598/598 600/600/600 601/601/601
f 598/598/598 601/601/601 602/602/602
f 598/598/598 602/602/602 596/596/596
f 602/602/602 601/601/601 603/603/603
f 603/603/603 601/601/601 604/604/604
f 604/604/604 601/601/601 600/600/600
f 604/604/604 600/600/600 605/605/605
f 604/604/604 605/605/605 606/606/606
f 603/603/603 604/604/604 607/607/607
f 602/602/602 603/603/603 608/608/608
f 608/608/608 603/603/603 609/609/609
f 608/608/608 609/609/609 610/610/610
f 608/608/608 610/610/610 611/611/611
f 611/611/611 610/610/610 612/612/612
f 608/608/608 611/611/611 613/613/613
f 608/608/608 613/613/613 602/602/602
f 602/602/602 613/613/613 596/596/596
f 596/596/596 613/613/613 614/614/614
f 614/614/614 613/613/613 615/615/615
f 615/615/615 613/613/613 611/611/611
f 614/614/614 615/615/615 616/616/616
f 614/614/614 616/616/616 617/617/617
f 614/614/614 617/617/617 596/596/596
f 596/596/596 617/617/617 597/597/597
f 597/597/597 617/617/617 618/618/618
f 597/597/597 618/618/618 619/619/619
f 597/597/597 619/619/619 599/599/599
f 599/599/599 619/619/619 620/620/620
f 599/599/599 620/620/620 600/600/600
f 620/620/620 619/619/619 621/621/621
f 621/621/621 619/619/619 622/622/622
f 622/622/622 619/619/619 618/618/618
f 622/622/622 618/618/618 623/623/623
f 622/622/622 623/623/623 624/624/624
f 624/624/624 623/623/623 625/625/625
f 625/625/625 623/623/623 626/626/626
f 625/625/625 626/626/626 627/627/627
f 626/626/626 623/623/623 628/628/628
f 628/628/628 623/623/623 618/618/618
f 628/628/628 618/618/618 617/617/617
f 628/628/628 617/617/617 616/616/616
f 628/628/628 616/616/616 629/629/629
f 628/628/628 629/629/629 626/626/626
f 626/626/626 629/629/629 630/630/630
f 629/629/629 616/616/616 631/631/631
f 629/629/629 631/631/631 632/632/632
f 632/632/632 631/631/631 633/633/633
f 633/633/633 631/631/631 634/634/634
f 634/634/634 631/631/631 635/635/635
f 634/634/634 635/635/635 636/636/636
f 634/634/634 636/636/636 637/637/637
f 636/636/636 635/635/635 638/638/638
f 636/636/636 638/638/638 639/639/639
f 636/636/636 639/639/639 640/640/640
f 640/640/640 639/639/639 641/641/641
f 641/641/641 639/639/639 642/642/642
f 641/641/641 642/642/642 643/643/643
f 642/642/642 639/639/639 644/644/644
f 644/644/644 639/639/639 638/638/638
f 642/642/642 644/644/644 645/645/645
f 645/645/645 644/644/644 646/646/646
f 642/642/642 645/645/645 647/647/647
f 647/647/647 645/645/645 648/648/648
f 644/644/644 638/638/638 649/649/649
f 649/649/649 638/638/638 612/612/612
f 612/612/612 638/638/638 611/611/611
f 611/611/611 638/638/638 635/635/635
f 611/611/611 635/635/635 615/615/615
f 615/615/615 635/635/635 631/631/631
f 615/615/615 631/631/631 616/616/616
f 650/650/650 651/651/651 652/652/652
f 652/652/652 651/651/651 653/653/653
f 650/650/650 652/652/652 654/654/654
f 651/651/651 650/650/650 655/655/655
f 655/655/655 650/650/650 656/656/656
f 655/655/655 656/656/656 657/657/657
f 657/657/657 656/656/656 658/658/658
f 657/657/657 658/658/658 659/659/659
f 657/657/657 659/659/659 660/660/660
f 657/657/657 660/660/660 661/661/661
f 657/657/657 661/661/661 655/655/655
f 655/655/655 661/661/661 662/662/662
f 655/655/655 662/662/662 651/651/651
f 651/651/651 662/662/662 663/663/663
f 651/651/651 663/663/663 664/664/664
f 663/663/663 662/662/662 665/665/665
f 665/665/665 662/662/662 661/661/661
f 665/665/665 661/661/661 666/666/666
f 666/666/666 661/661/661 660/660/660
f 666/666/666 660/660/660 667/667/667
f 667/667/667 660/660/660 668/668/668
f 668/668/668 660/660/660 659/659/659
f 668/668/668 659/659/659 669/669/669
f 669/669/669 659/659/659 670/670/670
f 668/668/668 669/669/669 671/671/671
f 671/671/671 669/669/669 672/672/672
f 671/671/671 672/672/672 673/673/673
f 671/671/671 673/673/673 674/674/674
f 671/671/671 674/674/674 675/675/675
f 671/671/671 675/675/675 676/676/676
f 671/671/671 676/676/676 668/668/668
f 668/668/668 676/676/676 667/667/667
f 667/667/667 676/676/676 677/677/677
f 667/667/667 677/677/677 678/678/678
f 667/667/667 678/678/678 666/666/666
f 666/666/666 678/678/678 679/679/679
f 666/666/666 679/679/679 665/665/665
f 665/665/665 679/679/679 680/680/680
f 665/665/665 680/680/680 663/663/663
f 663/663/663 680/680/680 681/681/681
f 663/663/663 681/681/681 682/682/682
f 681/681/681 680/680/680 683/683/683
f 681/681/681 683/683/683 684/684/684
f 683/683/683 680/680/680 685/685/685
f 685/685/685 680/680/680 679/679/679
f 683/683/683 685/685/685 686/686/686
f 683/683/683 686/686/686 687/687/687
f 686/686/686 685/685/685 688/688/688
f 688/688/688 685/685/685 679/679/679
f 686/686/686 688/688/688 689/689/689
f 688/688/688 679/679/679 678/678/678
f 688/688/688 678/678/678 677/677/677
f 688/688/688 677/677/677 690/690/690
f 688/688/688 690/690/690 691/691/691
f 690/690/690 677/677/677 692/692/692
f 692/692/692 677/677/677 676/676/676
f 692/692/692 676/676/676 675/675/675
f 692/692/692 675/675/675 693/693/693
f 690/690/690 692/692/692 694/694/694
f 694/694/694 692/692/692 695/695/695
f 690/690/690 694/694/694 696/696/696
f 697/697/697 698/698/698 699/699/699
f 699/699/699 698/698/698 88/88/88
f 88/88/88 698/698/698 89/89/89
f 89/89/89 698/698/698 700/700/700
f 699/699/699 88/88/88 90/90/90
f 699/699/699 90/90/90 701/701/701
f 699/699/699 701/701/701 702/702/702
f 701/701/701 90/90/90 703/703/703
f 701/701/701 703/703/703 704/704/704
f 703/703/703 90/90/90 91/91/91
f 703/703/703 91/91/91 705/705/705
f 705/705/705 91/91/91 706/706/706
f 705/705/705 706/706/706 707/707/707
f 707/707/707 706/706/706 708/708/708
f 708/708/708 706/706/706 709/709/709
f 709/709/709 706/706/706 92/92/92
f 92/92/92 706/706/706 91/91/91
f 709/709/709 92/92/92 93/93/93
f 709/709/709 93/93/93 710/710/710
f 711/711/711 712/712/712 713/713/713
f 712/712/712 711/711/711 714/714/714
f 714/714/714 711/711/711 715/715/715
f 714/714/714 715/715/715 716/716/716
f 716/716/716 715/715/715 717/717/717
f 716/716/716 717/717/717 718/718/718
f 718/718/718 717/717/717 719/719/719
f 718/718/718 719/719/719 720/720/720
f 719/719/719 717/717/717 721/721/721
f 719/719/719 721/721/721 722/722/722
f 719/719/719 722/722/722 723/723/723
f 723/723/723 722/722/722 724/724/724
f 724/724/724 722/722/722 725/725/725
f 725/725/725 722/722/722 721/721/721
f 724/724/724 725/725/725 726/726/726
f 724/724/724 726/726/726 727/727/727
f 724/724/724 727/727/727 728/728/728
f 727/727/727 726/726/726 729/729/729
f 727/727/727 729/729/729 730/730/730
f 730/730/730 729/729/729 731/731/731
f 730/730/730 731/731/731 732/732/732
f 732/732/732 731/731/731 733/733/733
f 732/732/732 733/733/733 734/734/734
f 731/731/731 729/729/729 735/735/735
f 735/735/735 729/729/729 736/736/736
f 736/736/736 729/729/729 726/726/726
f 736/736/736 726/726/726 737/737/737
f 737/737/737 726/726/726 725/725/725
f 737/737/737 725/725/725 738/738/738
f 738/738/738 725/725/725 721/721/721
f 737/737/737 738/738/738 739/739/739
f 739/739/739 738/738/738 740/740/740
f 739/739/739 740/740/740 741/741/741
f 741/741/741 740/740/740 742/742/742
f 742/742/742 740/740/740 743/743/743
f 743/743/743 740/740/740 738/738/738
f 742/742/742 743/743/743 744/744/744
f 742/742/742 744/744/744 745/745/745
f 744/744/744 743/743/743 746/746/746
f 744/744/744 746/746/746 747/747/747
f 747/747/747 746/746/746 748/748/748
f 748/748/748 746/746/746 749/749/749
f 748/748/748 749/749/749 750/750/750
f 748/748/748 750/750/750 751/751/751
f 750/750/750 749/749/749 752/752/752
f 750/750/750 752/752/752 753/753/753
f 750/750/750 753/753/753 754/754/754
f 753/753/753 752/752/752 755/755/755
f 753/753/753 755/755/755 756/756/756
f 753/753/753 756/756/756 757/757/757
f 757/757/757 756/756/756 758/758/758
f 758/758/758 756/756/756 759/759/759
f 759/759/759 756/756/756 755/755/755
f 758/758/758 759/759/759 760/760/760
f 759/759/759 755/755/755 761/761/761
f 761/761/761 755/755/755 762/762/762
f 762/762/762 755/755/755 752/752/752
f 761/761/761 762/762/762 763/763/763
f 761/761/761 763/763/763 764/764/764
f 763/763/763 762/762/762 765/765/765
f 765/765/765 762/762/762 766/766/766
f 766/766/766 762/762/762 752/752/752
f 766/766/766 752/752/752 749/749/749
f 766/766/766 749/749/749 767/767/767
f 766/766/766 767/767/767 768/768/768
f 766/766/766 768/768/768 765/765/765
f 768/768/768 767/767/767 769/769/769
f 769/769/769 767/767/767 770/770/770
f 770/770/770 767/767/767 771/771/771
f 771/771/771 767/767/767 749/749/749
f 771/771/771 749/749/749 746/746/746
f 771/771/771 746/746/746 743/743/743
f 771/771/771 743/743/743 772/772/772
f 771/771/771 772/772/772 770/770/770
f 770/770/770 772/772/772 773/773/773
f 770/770/770 773/773/773 769/769/769
f 769/769/769 773/773/773 774/774/774
f 769/769/769 774/774/774 768/768/768
f 768/768/768 774/774/774 775/775/775
f 768/768/768 775/775/775 765/765/765
f 765/765/765 775/775/775 776/776/776
f 765/765/765 776/776/776 763/763/763
f 763/763/763 776/776/776 777/777/777
f 777/777/777 776/776/776 778/778/778
f 778/778/778 776/776/776 779/779/779
f 779/779/779 776/776/776 775/775/775
f 778/778/778 779/779/779 780/780/780
f 780/780/780 779/779/779 781/781/781
f 781/781/781 779/779/779 782/782/782
f 782/782/782 779/779/779 775/775/775
f 782/782/782 775/775/775 774/774/774
f 782/782/782 774/774/774 713/713/713
f 713/713/713 774/774/774 773/773/773
f 782/782/782 713/713/713 783/783/783
f 782/782/782 783/783/783 781/781/781
f 713/713/713 773/773/773 711/711/711
f 711/711/711 773/773/773 772/772/772
f 711/711/711 772/772/772 715/715/715
f 715/715/715 772/772/772 784/784/784
f 715/715/715 784/784/784 717/717/717
f 717/717/717 784/784/784 721/721/721
f 721/721/721 784/784/784 738/738/738
f 738/738/738 784/784/784 743/743/743
f 743/743/743 784/784/784 772/772/772
f 785/785/785 786/786/786 787/787/787
f 787/787/787 786/786/786 788/788/788
f 788/788/788 786/786/786 789/789/789
f 789/789/789 786/786/786 790/790/790
f 790/790/790 786/786/786 791/791/791
f 791/791/791 786/786/786 785/785/785
f 790/790/790 791/791/791 792/792/792
f 790/790/790 792/792/792 793/793/793
f 793/793/793 792/792/792 794/794/794
f 793/793/793 794/794/794 795/795/795
f 793/793/793 795/795/795 796/796/796
f 793/793/793 796/796/796 797/797/797
f 793/793/793 797/797/797 790/790/790
f 790/790/790 797/797/797 789/789/789
f 789/789/789 797/797/797 798/798/798
f 789/789/789 798/798/798 799/799/799
f 798/798/798 797/797/797 800/800/800
f 800/800/800 797/797/797 796/796/796
f 798/798/798 800/800/800 801/801/801
f 801/801/801 800/800/800 802/802/802
f 802/802/802 800/800/800 803/803/803
f 803/803/803 800/800/800 796/796/796
f 802/802/802 803/803/803 804/804/804
f 802/802/802 804/804/804 805/805/805
f 804/804/804 803/803/803 806/806/806
f 804/804/804 806/806/806 807/807/807
f 804/804/804 807/807/807 808/808/808
f 807/807/807 806/806/806 809/809/809
f 807/807/807 809/809/809 810/810/810
f 810/810/810 809/809/809 811/811/811
f 810/810/810 811/811/811 812/812/812
f 812/812/812 811/811/811 813/813/813
f 813/813/813 811/811/811 814/814/814
f 813/813/813 814/814/814 815/815/815
f 815/815/815 814/814/814 816/816/816
f 816/816/816 814/814/814 817/817/817
f 817/817/817 814/814/814 818/818/818
f 818/818/818 814/814/814 811/811/811
f 818/818/818 811/811/811 819/819/819
f 819/819/819 811/811/811 809/809/809
f 819/819/819 809/809/809 820/820/820
f 820/820/820 809/809/809 806/806/806
f 819/819/819 820/820/820 821/821/821
f 819/819/819 821/821/821 818/818/818
f 818/818/818 821/821/821 822/822/822
f 818/818/818 822/822/822 817/817/817
f 817/817/817 822/822/822 823/823/823
f 817/817/817 823/823/823 824/824/824
f 817/817/817 824/824/824 825/825/825
f 824/824/824 823/823/823 826/826/826
f 826/826/826 823/823/823 827/827/827
f 826/826/826 827/827/827 828/828/828
f 827/827/827 823/823/823 829/829/829
f 829/829/829 823/823/823 822/822/822
f 829/829/829 822/822/822 830/830/830
f 830/830/830 822/822/822 821/821/821
f 830/830/830 821/821/821 831/831/831
f 831/831/831 821/821/821 820/820/820
f 831/831/831 820/820/820 832/832/832
f 832/832/832 820/820/820 806/806/806
f 832/832/832 806/806/806 833/833/833
f 832/832/832 833/833/833 831/831/831
f 833/833/833 806/806/806 803/803/803
f 831/831/831 833/833/833 834/834/834
f 831/831/831 834/834/834 830/830/830
f 830/830/830 834/834/834 835/835/835
f 830/830/830 835/835/835 829/829/829
f 829/829/829 835/835/835 836/836/836
f 829/829/829 836/836/836 827/827/827
f 827/827/827 836/836/836 828/828/828
f 828/828/828 836/836/836 837/837/837
f 837/837/837 836/836/836 838/838/838
f 838/838/838 836/836/836 839/839/839
f 839/839/839 836/836/836 835/835/835
f 839/839/839 835/835/835 840/840/840
f 839/839/839 840/840/840 841/841/841
f 840/840/840 835/835/835 834/834/834
f 840/840/840 834/834/834 842/842/842
f 840/840/840 842/842/842 843/843/843
f 842/842/842 834/834/834 833/833/833
f 843/843/843 842/842/842 844/844/844
f 842/842/842 833/833/833 845/845/845
f 842/842/842 845/845/845 844/844/844
f 845/845/845 833/833/833 803/803/803
f 845/845/845 803/803/803 796/796/796
f 845/845/845 796/796/796 795/795/795
f 845/845/845 795/795/795 844/844/844
f 844/844/844 795/795/795 846/846/846
f 847/847/847 848/848/848 849/849/849
f 849/849/849 848/848/848 850/850/850
f 850/850/850 848/848/848 851/851/851
f 851/851/851 848/848/848 852/852/852
f 852/852/852 848/848/848 853/853/853
f 853/853/853 848/848/848 847/847/847
f 852/852/852 853/853/853 854/854/854
f 854/854/854 853/853/853 855/855/855
f 854/854/854 855/855/855 856/856/856
f 855/855/855 853/853/853 857/857/857
f 857/857/857 853/853/853 847/847/847
f 857/857/857 847/847/847 858/858/858
f 857/857/857 858/858/858 855/855/855
f 855/855/855 858/858/858 859/859/859
f 855/855/855 859/859/859 856/856/856
f 856/856/856 859/859/859 860/860/860
f 860/860/860 859/859/859 861/861/861
f 860/860/860 861/861/861 862/862/862
f 862/862/862 861/861/861 863/863/863
f 863/863/863 861/861/861 864/864/864
f 864/864/864 861/861/861 865/865/865
f 865/865/865 861/861/861 859/859/859
f 865/865/865 859/859/859 858/858/858
f 865/865/865 858/858/858 866/866/866
f 865/865/865 866/866/866 867/867/867
f 865/865/865 867/867/867 864/864/864
f 864/864/864 867/867/867 868/868/868
f 868/868/868 867/867/867 869/869/869
f 869/869/869 867/867/867 870/870/870
f 870/870/870 867/867/867 866/866/866
f 870/870/870 866/866/866 871/871/871
f 871/871/871 866/866/866 858/858/858
f 871/871/871 858/858/858 872/872/872
f 872/872/872 858/858/858 847/847/847
f 872/872/872 847/847/847 873/873/873
f 873/873/873 847/847/847 874/874/874
f 874/874/874 847/847/847 849/849/849
f 874/874/874 849/849/849 875/875/875
f 875/875/875 849/849/849 850/850/850
f 874/874/874 875/875/875 876/876/876
f 874/874/874 876/876/876 877/877/877
f 874/874/874 877/877/877 873/873/873
f 877/877/877 876/876/876 878/878/878
f 877/877/877 878/878/878 879/879/879
f 879/879/879 878/878/878 880/880/880
f 877/877/877 879/879/879 881/881/881
f 877/877/877 881/881/881 873/873/873
f 873/873/873 881/881/881 882/882/882
f 873/873/873 882/882/882 872/872/872
f 872/872/872 882/882/882 883/883/883
f 872/872/872 883/883/883 871/871/871
f 871/871/871 883/883/883 884/884/884
f 871/871/871 884/884/884 870/870/870
f 870/870/870 884/884/884 869/869/869
f 869/869/869 884/884/884 885/885/885
f 869/869/869 885/885/885 886/886/886
f 885/885/885 884/884/884 887/887/887
f 885/885/885 887/887/887 888/888/888
f 885/885/885 888/888/888 889/889/889
f 888/888/888 887/887/887 890/890/890
f 888/888/888 890/890/890 891/891/891
f 890/890/890 887/887/887 892/892/892
f 890/890/890 892/892/892 893/893/893
f 893/893/893 892/892/892 894/894/894
f 894/894/894 892/892/892 895/895/895
f 895/895/895 892/892/892 896/896/896
f 896/896/896 892/892/892 887/887/887
f 896/896/896 887/887/887 884/884/884
f 896/896/896 884/884/884 883/883/883
f 896/896/896 883/883/883 897/897/897
f 896/896/896 897/897/897 895/895/895
f 897/897/897 883/883/883 898/898/898
f 898/898/898 883/883/883 882/882/882
f 898/898/898 882/882/882 899/899/899
f 898/898/898 899/899/899 897/897/897
f 899/899/899 882/882/882 881/881/881
f 897/897/897 899/899/899 900/900/900
f 900/900/900 899/899/899 881/881/881
f 897/897/897 900/900/900 895/895/895
f 895/895/895 900/900/900 894/894/894
f 894/894/894 900/900/900 901/901/901
f 894/894/894 901/901/901 902/902/902
f 902/902/902 901/901/901 903/903/903
f 903/903/903 901/901/901 880/880/880
f 903/903/903 880/880/880 904/904/904
f 903/903/903 904/904/904 905/905/905
f 880/880/880 901/901/901 879/879/879
f 879/879/879 901/901/901 900/900/900
f 879/879/879 900/900/900 881/881/881
f 906/906/906 907/907/907 908/908/908
f 908/908/908 907/907/907 909/909/909
f 909/909/909 907/907/907 910/910/910
f 909/909/909 910/910/910 911/911/911
f 909/909/909 911/911/911 912/912/912
f 911/911/911 910/910/910 913/913/913
f 911/911/911 913/913/913 914/914/914
f 911/911/911 914/914/914 915/915/915
f 915/915/915 914/914/914 916/916/916
f 916/916/916 914/914/914 917/917/917
f 916/916/916 917/917/917 918/918/918
f 916/916/916 918/918/918 919/919/919
f 918/918/918 917/917/917 920/920/920
f 920/920/920 917/917/917 921/921/921
f 921/921/921 917/917/917 922/922/922
f 922/922/922 917/917/917 914/914/914
f 922/922/922 914/914/914 913/913/913
f 922/922/922 913/913/913 923/923/923
f 922/922/922 923/923/923 924/924/924
f 922/922/922 924/924/924 921/921/921
f 924/924/924 923/923/923 925/925/925
f 924/924/924 925/925/925 921/921/921
f 921/921/921 925/925/925 926/926/926
f 921/921/921 926/926/926 920/920/920
f 920/920/920 926/926/926 927/927/927
f 927/927/927 926/926/926 928/928/928
f 927/927/927 928/928/928 929/929/929
f 928/928/928 926/926/926 930/930/930
f 930/930/930 926/926/926 925/925/925
f 930/930/930 925/925/925 931/931/931
f 931/931/931 925/925/925 923/923/923
f 931/931/931 923/923/923 932/932/932
f 932/932/932 923/923/923 933/933/933
f 933/933/933 923/923/923 913/913/913
f 933/933/933 913/913/913 910/910/910
f 933/933/933 910/910/910 934/934/934
f 934/934/934 910/910/910 907/907/907
f 934/934/934 907/907/907 935/935/935
f 933/933/933 934/934/934 936/936/936
f 933/933/933 936/936/936 932/932/932
f 936/936/936 934/934/934 937/937/937
f 932/932/932 936/936/936 938/938/938
f 938/938/938 936/936/936 939/939/939
f 938/938/938 939/939/939 940/940/940
f 938/938/938 940/940/940 941/941/941
f 941/941/941 940/940/940 942/942/942
f 941/941/941 942/942/942 943/943/943
f 943/943/943 942/942/942 944/944/944
f 943/943/943 944/944/944 945/945/945
f 945/945/945 944/944/944 946/946/946
f 943/943/943 945/945/945 947/947/947
f 947/947/947 945/945/945 948/948/948
f 947/947/947 948/948/948 949/949/949
f 947/947/947 949/949/949 950/950/950
f 950/950/950 949/949/949 951/951/951
f 951/951/951 949/949/949 952/952/952
f 951/951/951 952/952/952 953/953/953
f 951/951/951 953/953/953 954/954/954
f 954/954/954 953/953/953 955/955/955
f 954/954/954 955/955/955 929/929/929
f 929/929/929 955/955/955 956/956/956
f 954/954/954 929/929/929 928/928/928
f 954/954/954 928/928/928 957/957/957
f 954/954/954 957/957/957 951/951/951
f 951/951/951 957/957/957 950/950/950
f 950/950/950 957/957/957 958/958/958
f 958/958/958 957/957/957 930/930/930
f 930/930/930 957/957/957 928/928/928
f 958/958/958 930/930/930 931/931/931
f 958/958/958 931/931/931 959/959/959
f 959/959/959 931/931/931 932/932/932
f 959/959/959 932/932/932 938/938/938
f 959/959/959 938/938/938 941/941/941
f 959/959/959 941/941/941 960/960/960
f 959/959/959 960/960/960 958/958/958
f 958/958/958 960/960/960 950/950/950
f 950/950/950 960/960/960 947/947/947
f 947/947/947 960/960/960 943/943/943
f 943/943/943 960/960/960 941/941/941
f 961/961/961 962/962/962 963/963/963
f 962/962/962 961/961/961 964/964/964
f 962/962/962 964/964/964 965/965/965
f 962/962/962 965/965/965 966/966/966
f 962/962/962 966/966/966 967/967/967
f 962/962/962 967/967/967 963/963/963
f 967/967/967 966/966/966 968/968/968
f 967/967/967 968/968/968 969/969/969
f 967/967/967 969/969/969 970/970/970
f 967/967/967 970/970/970 963/963/963
f 963/963/963 970/970/970 971/971/971
f 963/963/963 971/971/971 972/972/972
f 963/963/963 972/972/972 961/961/961
f 961/961/961 972/972/972 973/973/973
f 961/961/961 973/973/973 974/974/974
f 961/961/961 974/974/974 964/964/964
f 964/964/964 974/974/974 975/975/975
f 964/964/964 975/975/975 976/976/976
f 964/964/964 976/976/976 965/965/965
f 976/976/976 975/975/975 977/977/977
f 977/977/977 975/975/975 974/974/974
f 977/977/977 974/974/974 978/978/978
f 978/978/978 974/974/974 979/979/979
f 979/979/979 974/974/974 973/973/973
f 979/979/979 973/973/973 980/980/980
f 980/980/980 973/973/973 981/981/981
f 981/981/981 973/973/973 972/972/972
f 981/981/981 972/972/972 982/982/982
f 982/982/982 972/972/972 971/971/971
f 982/982/982 971/971/971 983/983/983
f 983/983/983 971/971/971 984/984/984
f 984/984/984 971/971/971 970/970/970
f 984/984/984 970/970/970 985/985/985
f 985/985/985 970/970/970 969/969/969
f 985/985/985 969/969/969 986/986/986
f 986/986/986 969/969/969 968/968/968
f 986/986/986 968/968/968 987/987/987
f 987/987/987 968/968/968 988/988/988
f 988/988/988 968/968/968 966/966/966
f 988/988/988 966/966/966 989/989/989
f 989/989/989 966/966/966 965/965/965
f 989/989/989 965/965/965 990/990/990
f 990/990/990 965/965/965 976/976/976
f 990/990/990 976/976/976 991/991/991
f 991/991/991 976/976/976 977/977/977
f 991/991/991 977/977/977 992/992/992
f 992/992/992 977/977/977 978/978/978
f 991/991/991 992/992/992 993/993/993
f 991/991/991 993/993/993 994/994/994
f 991/991/991 994/994/994 990/990/990
f 990/990/990 994/994/994 995/995/995
f 990/990/990 995/995/995 989/989/989
f 989/989/989 995/995/995 996/996/996
f 992/992/992 978/978/978 997/997/997
f 992/992/992 997/997/997 998/998/998
f 998/998/998 997/997/997 999/999/999
f 999/999/999 997/997/997 1000/1000/1000
f 999/999/999 1000/1000/1000 1001/1001/1001
f 1000/1000/1000 997/997/997 979/979/979
f 979/979/979 997/997/997 978/978/978
f 1000/1000/1000 979/979/979 980/980/980
f 1000/1000/1000 980/980/980 1002/1002/1002
f 1000/1000/1000 1002/1002/1002 1001/1001/1001
f 1001/1001/1001 1002/1002/1002 1003/1003/1003
f 1003/1003/1003 1002/1002/1002 1004/1004/1004
f 1004/1004/1004 1002/1002/1002 1005/1005/1005
f 1005/1005/1005 1002/1002/1002 980/980/980
f 1005/1005/1005 980/980/980 981/981/981
f 1005/1005/1005 981/981/981 1006/1006/1006
f 1006/1006/1006 981/981/981 982/982/982
f 1006/1006/1006 982/982/982 1007/1007/1007
f 1007/1007/1007 982/982/982 983/983/983
f 1007/1007/1007 983/983/983 1008/1008/1008
f 1008/1008/1008 983/983/983 1009/1009/1009
f 1009/1009/1009 983/983/983 984/984/984
f 1009/1009/1009 984/984/984 1010/1010/1010
f 1010/1010/1010 984/984/984 985/985/985
f 1010/1010/1010 985/985/985 1011/1011/1011
f 1011/1011/1011 985/985/985 1012/1012/1012
f 1012/1012/1012 985/985/985 986/986/986
f 1012/1012/1012 986/986/986 1013/1013/1013
f 1014/1014/1014 1005/1005/1005 1006/1006/1006
f 1005/1005/1005 1014/1014/1014 1004/1004/1004
f 1004/1004/1004 1014/1014/1014 1015/1015/1015
f 1015/1015/1015 1014/1014/1014 1016/1016/1016
f 1016/1016/1016 1014/1014/1014 1017/1017/1017
f 1017/1017/1017 1014/1014/1014 1006/1006/1006
f 1017/1017/1017 1006/1006/1006 1007/1007/1007
f 1017/1017/1017 1007/1007/1007 1018/1018/1018
f 1018/1018/1018 1007/1007/1007 1008/1008/1008
f 1017/1017/1017 1018/1018/1018 1019/1019/1019
f 1017/1017/1017 1019/1019/1019 1016/1016/1016
f 1016/1016/1016 1019/1019/1019 1020/1020/1020
f 1021/1021/1021 1022/1022/1022 1023/1023/1023
f 1021/1021/1021 1023/1023/1023 1024/1024/1024
f 1023/1023/1023 1022/1022/1022 1025/1025/1025
f 1022/1022/1022 1021/1021/1021 1026/1026/1026
f 1022/1022/1022 1026/1026/1026 1027/1027/1027
f 1022/1022/1022 1027/1027/1027 1025/1025/1025
f 1025/1025/1025 1027/1027/1027 1028/1028/1028
f 1025/1025/1025 1028/1028/1028 1029/1029/1029
f 1025/1025/1025 1029/1029/1029 1023/1023/1023
f 1029/1029/1029 1028/1028/1028 1030/1030/1030
f 1029/1029/1029 1030/1030/1030 1031/1031/1031
f 1031/1031/1031 1030/1030/1030 1032/1032/1032
f 1029/1029/1029 1031/1031/1031 1033/1033/1033
f 1033/1033/1033 1031/1031/1031 1034/1034/1034
f 1034/1034/1034 1031/1031/1031 1035/1035/1035
f 1033/1033/1033 1034/1034/1034 1036/1036/1036
f 1036/1036/1036 1034/1034/1034 1037/1037/1037
f 1036/1036/1036 1037/1037/1037 1038/1038/1038
f 1036/1036/1036 1038/1038/1038 1039/1039/1039
f 1039/1039/1039 1038/1038/1038 1040/1040/1040
f 1040/1040/1040 1038/1038/1038 1041/1041/1041
f 1033/1033/1033 1036/1036/1036 1042/1042/1042
f 1042/1042/1042 1036/1036/1036 1039/1039/1039
f 1033/1033/1033 1042/1042/1042 1029/1029/1029
f 1029/1029/1029 1042/1042/1042 1023/1023/1023
f 1023/1023/1023 1042/1042/1042 1043/1043/1043
f 1023/1023/1023 1043/1043/1043 1024/1024/1024
f 1043/1043/1043 1042/1042/1042 1044/1044/1044
f 1044/1044/1044 1042/1042/1042 1039/1039/1039
f 1044/1044/1044 1039/1039/1039 1045/1045/1045
f 1044/1044/1044 1045/1045/1045 1046/1046/1046
f 1044/1044/1044 1046/1046/1046 1043/1043/1043
f 1043/1043/1043 1046/1046/1046 1047/1047/1047
f 1043/1043/1043 1047/1047/1047 1024/1024/1024
f 1047/1047/1047 1046/1046/1046 1048/1048/1048
f 1024/1024/1024 1047/1047/1047 1049/1049/1049
f 1024/1024/1024 1049/1049/1049 1021/1021/1021
f 1021/1021/1021 1049/1049/1049 1050/1050/1050
f 1021/1021/1021 1050/1050/1050 1026/1026/1026
f 1050/1050/1050 1049/1049/1049 1051/1051/1051
f 1051/1051/1051 1049/1049/1049 1052/1052/1052
f 1052/1052/1052 1049/1049/1049 1047/1047/1047
f 1052/1052/1052 1047/1047/1047 1053/1053/1053
f 1054/1054/1054 1051/1051/1051 1055/1055/1055
f 1051/1051/1051 1054/1054/1054 1056/1056/1056
f 1051/1051/1051 1056/1056/1056 1050/1050/1050
f 1050/1050/1050 1056/1056/1056 1057/1057/1057
f 1050/1050/1050 1057/1057/1057 1026/1026/1026
f 1026/1026/1026 1057/1057/1057 1058/1058/1058
f 1058/1058/1058 1057/1057/1057 1059/1059/1059
f 1058/1058/1058 1059/1059/1059 1060/1060/1060
f 1058/1058/1058 1060/1060/1060 1061/1061/1061
f 1061/1061/1061 1060/1060/1060 1062/1062/1062
f 1058/1058/1058 1061/1061/1061 1027/1027/1027
f 1058/1058/1058 1027/1027/1027 1026/1026/1026
f 1027/1027/1027 1061/1061/1061 1028/1028/1028
f 1028/1028/1028 1061/1061/1061 1063/1063/1063
f 1063/1063/1063 1061/1061/1061 1062/1062/1062
f 1063/1063/1063 1062/1062/1062 1064/1064/1064
f 1063/1063/1063 1064/1064/1064 1065/1065/1065
f 1063/1063/1063 1065/1065/1065 1066/1066/1066
f 1063/1063/1063 1066/1066/1066 1067/1067/1067
f 1063/1063/1063 1067/1067/1067 1030/1030/1030
f 1063/1063/1063 1030/1030/1030 1028/1028/1028
f 1030/1030/1030 1067/1067/1067 1068/1068/1068
f 1069/1069/1069 1070/1070/1070 1071/1071/1071
f 1071/1071/1071 1070/1070/1070 1072/1072/1072
f 1072/1072/1072 1070/1070/1070 1073/1073/1073
f 1073/1073/1073 1070/1070/1070 1074/1074/1074
f 1073/1073/1073 1074/1074/1074 1075/1075/1075
f 1073/1073/1073 1075/1075/1075 1076/1076/1076
f 1073/1073/1073 1076/1076/1076 1077/1077/1077
f 1073/1073/1073 1077/1077/1077 1072/1072/1072
f 1072/1072/1072 1077/1077/1077 1078/1078/1078
f 1072/1072/1072 1078/1078/1078 1079/1079/1079
f 1072/1072/1072 1079/1079/1079 1071/1071/1071
f 1071/1071/1071 1079/1079/1079 1080/1080/1080
f 1071/1071/1071 1080/1080/1080 1081/1081/1081
f 1071/1071/1071 1081/1081/1081 1082/1082/1082
f 1082/1082/1082 1081/1081/1081 1083/1083/1083
f 1083/1083/1083 1081/1081/1081 1084/1084/1084
f 1084/1084/1084 1081/1081/1081 1080/1080/1080
f 1084/1084/1084 1080/1080/1080 1085/1085/1085
f 1085/1085/1085 1080/1080/1080 1086/1086/1086
f 1086/1086/1086 1080/1080/1080 1079/1079/1079
f 1086/1086/1086 1079/1079/1079 1087/1087/1087
f 1087/1087/1087 1079/1079/1079 1078/1078/1078
f 1086/1086/1086 1087/1087/1087 1088/1088/1088
f 1086/1086/1086 1088/1088/1088 1089/1089/1089
f 1088/1088/1088 1087/1087/1087 1090/1090/1090
f 1088/1088/1088 1090/1090/1090 1091/1091/1091
f 1088/1088/1088 1091/1091/1091 1092/1092/1092
f 1092/1092/1092 1091/1091/1091 1093/1093/1093
f 1093/1093/1093 1091/1091/1091 1094/1094/1094
f 1094/1094/1094 1091/1091/1091 1090/1090/1090
f 1093/1093/1093 1094/1094/1094 1095/1095/1095
f 1093/1093/1093 1095/1095/1095 1096/1096/1096
f 1096/1096/1096 1095/1095/1095 1097/1097/1097
f 1096/1096/1096 1097/1097/1097 1098/1098/1098
f 1098/1098/1098 1097/1097/1097 1099/1099/1099
f 1098/1098/1098 1099/1099/1099 1100/1100/1100
f 1100/1100/1100 1099/1099/1099 1101/1101/1101
f 1100/1100/1100 1101/1101/1101 1102/1102/1102
f 1102/1102/1102 1101/1101/1101 1103/1103/1103
f 1103/1103/1103 1101/1101/1101 1104/1104/1104
f 1103/1103/1103 1104/1104/1104 1105/1105/1105
f 1105/1105/1105 1104/1104/1104 1106/1106/1106
f 1105/1105/1105 1106/1106/1106 1107/1107/1107
f 1107/1107/1107 1106/1106/1106 1108/1108/1108
f 1107/1107/1107 1108/1108/1108 1109/1109/1109
f 1109/1109/1109 1108/1108/1108 1110/1110/1110
f 1109/1109/1109 1110/1110/1110 1111/1111/1111
f 1111/1111/1111 1110/1110/1110 1112/1112/1112
f 1111/1111/1111 1112/1112/1112 1113/1113/1113
f 1112/1112/1112 1110/1110/1110 1114/1114/1114
f 1114/1114/1114 1110/1110/1110 1115/1115/1115
f 1115/1115/1115 1110/1110/1110 1108/1108/1108
f 1115/1115/1115 1108/1108/1108 1116/1116/1116
f 1116/1116/1116 1108/1108/1108 1106/1106/1106
f 1115/1115/1115 1116/1116/1116 1117/1117/1117
f 1117/1117/1117 1116/1116/1116 1118/1118/1118
f 1118/1118/1118 1116/1116/1116 1119/1119/1119
f 1119/1119/1119 1116/1116/1116 1106/1106/1106
f 1119/1119/1119 1106/1106/1106 1104/1104/1104
f 1119/1119/1119 1104/1104/1104 1120/1120/1120
f 1120/1120/1120 1104/1104/1104 1101/1101/1101
f 1120/1120/1120 1101/1101/1101 1099/1099/1099
f 1120/1120/1120 1099/1099/1099 1121/1121/1121
f 1121/1121/1121 1099/1099/1099 1097/1097/1097
f 1121/1121/1121 1097/1097/1097 1122/1122/1122
f 1122/1122/1122 1097/1097/1097 1095/1095/1095
f 1122/1122/1122 1095/1095/1095 1123/1123/1123
f 1123/1123/1123 1095/1095/1095 1094/1094/1094
f 1123/1123/1123 1094/1094/1094 1124/1124/1124
f 1124/1124/1124 1094/1094/1094 1090/1090/1090
f 1124/1124/1124 1090/1090/1090 1125/1125/1125
f 1125/1125/1125 1090/1090/1090 1087/1087/1087
f 1125/1125/1125 1087/1087/1087 1078/1078/1078
f 1125/1125/1125 1078/1078/1078 1126/1126/1126
f 1126/1126/1126 1078/1078/1078 1077/1077/1077
f 1126/1126/1126 1077/1077/1077 1127/1127/1127
f 1127/1127/1127 1077/1077/1077 1076/1076/1076
f 1127/1127/1127 1076/1076/1076 1128/1128/1128
f 1128/1128/1128 1076/1076/1076 1129/1129/1129
f 1129/1129/1129 1076/1076/1076 1075/1075/1075
f 1129/1129/1129 1075/1075/1075 1130/1130/1130
f 1130/1130/1130 1075/1075/1075 1131/1131/1131
f 1128/1128/1128 1129/1129/1129 1132/1132/1132
f 1128/1128/1128 1132/1132/1132 1133/1133/1133
f 1128/1128/1128 1133/1133/1133 1134/1134/1134
f 1128/1128/1128 1134/1134/1134 1127/1127/1127
f 1134/1134/1134 1133/1133/1133 1135/1135/1135
f 1127/1127/1127 1134/1134/1134 1136/1136/1136
f 1127/1127/1127 1136/1136/1136 1126/1126/1126
f 1136/1136/1136 1134/1134/1134 1137/1137/1137
f 1137/1137/1137 1134/1134/1134 1135/1135/1135
f 1137/1137/1137 1135/1135/1135 1138/1138/1138
f 1138/1138/1138 1135/1135/1135 1139/1139/1139
f 1139/1139/1139 1135/1135/1135 1140/1140/1140
f 1138/1138/1138 1139/1139/1139 1141/1141/1141
f 1141/1141/1141 1139/1139/1139 1142/1142/1142
f 1142/1142/1142 1139/1139/1139 1143/1143/1143
f 1142/1142/1142 1143/1143/1143 1118/1118/1118
f 1142/1142/1142 1118/1118/1118 1119/1119/1119
f 1142/1142/1142 1119/1119/1119 1120/1120/1120
f 1142/1142/1142 1120/1120/1120 1141/1141/1141
f 1141/1141/1141 1120/1120/1120 1121/1121/1121
f 1141/1141/1141 1121/1121/1121 1144/1144/1144
f 1141/1141/1141 1144/1144/1144 1138/1138/1138
f 1138/1138/1138 1144/1144/1144 1137/1137/1137
f 1137/1137/1137 1144/1144/1144 1145/1145/1145
f 1145/1145/1145 1144/1144/1144 1122/1122/1122
f 1122/1122/1122 1144/1144/1144 1121/1121/1121
f 1145/1145/1145 1122/1122/1122 1123/1123/1123
f 1145/1145/1145 1123/1123/1123 1146/1146/1146
f 1146/1146/1146 1123/1123/1123 1124/1124/1124
f 1146/1146/1146 1124/1124/1124 1125/1125/1125
f 1146/1146/1146 1125/1125/1125 1126/1126/1126
f 1146/1146/1146 1126/1126/1126 1136/1136/1136
f 1146/1146/1146 1136/1136/1136 1147/1147/1147
f 1146/1146/1146 1147/1147/1147 1145/1145/1145
f 1145/1145/1145 1147/1147/1147 1137/1137/1137
f 1137/1137/1137 1147/1147/1147 1136/1136/1136
f 1148/1148/1148 1149/1149/1149 1150/1150/1150
f 1149/1149/1149 1148/1148/1148 1151/1151/1151
f 1149/1149/1149 1151/1151/1151 1152/1152/1152
f 1149/1149/1149 1152/1152/1152 1153/1153/1153
f 1149/1149/1149 1153/1153/1153 1154/1154/1154
f 1149/1149/1149 1154/1154/1154 1150/1150/1150
f 1150/1150/1150 1154/1154/1154 1155/1155/1155
f 1150/1150/1150 1155/1155/1155 1156/1156/1156
f 1150/1150/1150 1156/1156/1156 1157/1157/1157
f 1150/1150/1150 1157/1157/1157 1148/1148/1148
f 1157/1157/1157 1156/1156/1156 1158/1158/1158
f 1157/1157/1157 1158/1158/1158 1159/1159/1159
f 1157/1157/1157 1159/1159/1159 1160/1160/1160
f 1157/1157/1157 1160/1160/1160 1148/1148/1148
f 1148/1148/1148 1160/1160/1160 1161/1161/1161
f 1148/1148/1148 1161/1161/1161 1151/1151/1151
f 1161/1161/1161 1160/1160/1160 1162/1162/1162
f 1162/1162/1162 1160/1160/1160 1163/1163/1163
f 1163/1163/1163 1160/1160/1160 1159/1159/1159
f 1163/1163/1163 1159/1159/1159 1164/1164/1164
f 1161/1161/1161 1162/1162/1162 1165/1165/1165
f 1161/1161/1161 1165/1165/1165 1166/1166/1166
f 1161/1161/1161 1166/1166/1166 1151/1151/1151
f 1166/1166/1166 1165/1165/1165 1167/1167/1167
f 1167/1167/1167 1165/1165/1165 1168/1168/1168
f 1166/1166/1166 1167/1167/1167 1169/1169/1169
f 1169/1169/1169 1167/1167/1167 1170/1170/1170
f 1170/1170/1170 1167/1167/1167 1171/1171/1171
f 1170/1170/1170 1171/1171/1171 1172/1172/1172
f 1170/1170/1170 1172/1172/1172 1173/1173/1173
f 1170/1170/1170 1173/1173/1173 1169/1169/1169
f 1173/1173/1173 1172/1172/1172 1174/1174/1174
f 1174/1174/1174 1172/1172/1172 1175/1175/1175
f 1173/1173/1173 1174/1174/1174 1176/1176/1176
f 1173/1173/1173 1176/1176/1176 1177/1177/1177
f 1173/1173/1173 1177/1177/1177 1178/1178/1178
f 1173/1173/1173 1178/1178/1178 1169/1169/1169
f 1169/1169/1169 1178/1178/1178 1179/1179/1179
f 1169/1169/1169 1179/1179/1179 1166/1166/1166
f 1166/1166/1166 1179/1179/1179 1151/1151/1151
f 1151/1151/1151 1179/1179/1179 1152/1152/1152
f 1152/1152/1152 1179/1179/1179 1180/1180/1180
f 1180/1180/1180 1179/1179/1179 1178/1178/1178
f 1152/1152/1152 1180/1180/1180 1153/1153/1153
f 1180/1180/1180 1178/1178/1178 1181/1181/1181
f 1181/1181/1181 1178/1178/1178 1177/1177/1177
f 1181/1181/1181 1177/1177/1177 1182/1182/1182
f 1181/1181/1181 1182/1182/1182 1183/1183/1183
f 1181/1181/1181 1183/1183/1183 1184/1184/1184
f 1184/1184/1184 1183/1183/1183 1185/1185/1185
f 1184/1184/1184 1185/1185/1185 1186/1186/1186
f 1184/1184/1184 1186/1186/1186 1187/1187/1187
f 1184/1184/1184 1187/1187/1187 1188/1188/1188
f 1184/1184/1184 1188/1188/1188 1181/1181/1181
f 1181/1181/1181 1188/1188/1188 1180/1180/1180
f 1180/1180/1180 1188/1188/1188 1153/1153/1153
f 1153/1153/1153 1188/1188/1188 1189/1189/1189
f 1153/1153/1153 1189/1189/1189 1154/1154/1154
f 1189/1189/1189 1188/1188/1188 1190/1190/1190
f 1190/1190/1190 1188/1188/1188 1187/1187/1187
f 1189/1189/1189 1190/1190/1190 1191/1191/1191
f 1189/1189/1189 1191/1191/1191 1192/1192/1192
f 1189/1189/1189 1192/1192/1192 1154/1154/1154
f 1154/1154/1154 1192/1192/1192 1155/1155/1155
f 1155/1155/1155 1192/1192/1192 1193/1193/1193
f 1194/1194/1194 1195/1195/1195 1196/1196/1196
f 1196/1196/1196 1195/1195/1195 1197/1197/1197
f 1197/1197/1197 1195/1195/1195 1198/1198/1198
f 1197/1197/1197 1198/1198/1198 1199/1199/1199
f 1197/1197/1197 1199/1199/1199 1200/1200/1200
f 1200/1200/1200 1199/1199/1199 1201/1201/1201
f 1197/1197/1197 1200/1200/1200 1202/1202/1202
f 1197/1197/1197 1202/1202/1202 1196/1196/1196
f 1202/1202/1202 1200/1200/1200 1203/1203/1203
f 1203/1203/1203 1200/1200/1200 1204/1204/1204
f 1202/1202/1202 1203/1203/1203 1205/1205/1205
f 1205/1205/1205 1203/1203/1203 1206/1206/1206
f 1202/1202/1202 1205/1205/1205 1207/1207/1207
f 1202/1202/1202 1207/1207/1207 1196/1196/1196
f 1207/1207/1207 1205/1205/1205 1208/1208/1208
f 1208/1208/1208 1205/1205/1205 1209/1209/1209
f 1208/1208/1208 1209/1209/1209 1210/1210/1210
f 1208/1208/1208 1210/1210/1210 1211/1211/1211
f 1211/1211/1211 1210/1210/1210 1212/1212/1212
f 1212/1212/1212 1210/1210/1210 1213/1213/1213
f 1212/1212/1212 1213/1213/1213 1214/1214/1214
f 1212/1212/1212 1214/1214/1214 1215/1215/1215
f 1215/1215/1215 1214/1214/1214 1216/1216/1216
f 1212/1212/1212 1215/1215/1215 1217/1217/1217
f 1212/1212/1212 1217/1217/1217 1211/1211/1211
f 1217/1217/1217 1215/1215/1215 1218/1218/1218
f 1218/1218/1218 1215/1215/1215 1219/1219/1219
f 1219/1219/1219 1215/1215/1215 1216/1216/1216
f 1219/1219/1219 1216/1216/1216 1220/1220/1220
f 1219/1219/1219 1220/1220/1220 1221/1221/1221
f 1221/1221/1221 1220/1220/1220 1222/1222/1222
f 1221/1221/1221 1222/1222/1222 1223/1223/1223
f 1223/1223/1223 1222/1222/1222 1224/1224/1224
f 1221/1221/1221 1223/1223/1223 1225/1225/1225
f 1221/1221/1221 1225/1225/1225 1226/1226/1226
f 1221/1221/1221 1226/1226/1226 1219/1219/1219
f 1219/1219/1219 1226/1226/1226 1218/1218/1218
f 1218/1218/1218 1226/1226/1226 1227/1227/1227
f 1227/1227/1227 1226/1226/1226 1228/1228/1228
f 1228/1228/1228 1226/1226/1226 1225/1225/1225
f 1227/1227/1227 1228/1228/1228 1229/1229/1229
f 1227/1227/1227 1229/1229/1229 1230/1230/1230
f 1230/1230/1230 1229/1229/1229 1231/1231/1231
f 1227/1227/1227 1230/1230/1230 1232/1232/1232
f 1227/1227/1227 1232/1232/1232 1218/1218/1218
f 1218/1218/1218 1232/1232/1232 1217/1217/1217
f 1217/1217/1217 1232/1232/1232 1233/1233/1233
f 1217/1217/1217 1233/1233/1233 1211/1211/1211
f 1233/1233/1233 1232/1232/1232 1234/1234/1234
f 1234/1234/1234 1232/1232/1232 1230/1230/1230
f 1234/1234/1234 1230/1230/1230 1235/1235/1235
f 1235/1235/1235 1230/1230/1230 1231/1231/1231
f 1235/1235/1235 1231/1231/1231 1236/1236/1236
f 1235/1235/1235 1236/1236/1236 1237/1237/1237
f 1237/1237/1237 1236/1236/1236 1238/1238/1238
f 1237/1237/1237 1238/1238/1238 1239/1239/1239
f 1239/1239/1239 1238/1238/1238 1240/1240/1240
f 1239/1239/1239 1240/1240/1240 1241/1241/1241
f 1241/1241/1241 1240/1240/1240 1242/1242/1242
f 1239/1239/1239 1241/1241/1241 1243/1243/1243
f 1239/1239/1239 1243/1243/1243 1244/1244/1244
f 1239/1239/1239 1244/1244/1244 1237/1237/1237
f 1237/1237/1237 1244/1244/1244 1245/1245/1245
f 1237/1237/1237 1245/1245/1245 1235/1235/1235
f 1235/1235/1235 1245/1245/1245 1246/1246/1246
f 1235/1235/1235 1246/1246/1246 1234/1234/1234
f 1234/1234/1234 1246/1246/1246 1247/1247/1247
f 1247/1247/1247 1246/1246/1246 1245/1245/1245
f 1234/1234/1234 1247/1247/1247 1233/1233/1233
f 1247/1247/1247 1245/1245/1245 1248/1248/1248
f 1248/1248/1248 1245/1245/1245 1244/1244/1244
f 1248/1248/1248 1244/1244/1244 1249/1249/1249
f 1249/1249/1249 1244/1244/1244 1243/1243/1243
f 1249/1249/1249 1243/1243/1243 1250/1250/1250
f 1249/1249/1249 1250/1250/1250 1194/1194/1194
f 1249/1249/1249 1194/1194/1194 1251/1251/1251
f 1249/1249/1249 1251/1251/1251 1248/1248/1248
f 1251/1251/1251 1194/1194/1194 1196/1196/1196
f 1251/1251/1251 1196/1196/1196 1207/1207/1207
f 1251/1251/1251 1207/1207/1207 1252/1252/1252
f 1251/1251/1251 1252/1252/1252 1248/1248/1248
f 1248/1248/1248 1252/1252/1252 1247/1247/1247
f 1247/1247/1247 1252/1252/1252 1253/1253/1253
f 1253/1253/1253 1252/1252/1252 1207/1207/1207
f 1247/1247/1247 1253/1253/1253 1233/1233/1233
f 1253/1253/1253 1207/1207/1207 1208/1208/1208
f 1253/1253/1253 1208/1208/1208 1211/1211/1211
f 1253/1253/1253 1211/1211/1211 1233/1233/1233
